"","spm.median","spm.mean","spm.geomean","spm.validn","spm.sd","spm.filtmean","spm.cv"
"2003-07-31",14.4079556465149,14.4079556465149,14.4075390461443,2,0.154948673865451,14.4079556465149,0.0107543830413533
"2003-08-25",7.68730330467224,7.68730330467224,7.68418677442803,2,0.309534210484132,7.68730330467224,0.040265642998111
"2003-08-26",5.54770994186401,5.49930536746979,5.49776859818934,12,0.135050254572985,5.52276307886297,0.0204847467632039
"2003-08-31",13.1711869239807,13.1411128838857,13.1036813291814,12,1.01549255596075,13.2132960319519,0.0481536325930045
"2003-09-11",7.78927493095398,8.11871711413066,8.07679277243689,12,0.909685632908164,7.89378036152233,0.0623716146371698
"2003-09-13",11.2123861312866,11.4501110423695,11.4000029164411,11,1.20388001460123,11.104838180542,0.0352594045275115
"2003-09-17",20.6415843963623,20.6907634735107,20.6873878458245,6,0.410118684927047,20.5650489807129,0.0147262448110297
"2003-09-18",16.4039211273193,16.4708562519239,16.4436774128489,23,0.968868789784778,16.4584854670933,0.0511454431705193
"2003-09-22",19.2896995544434,19.0628951577579,19.0476259845355,17,0.780825662122607,19.2479225158691,0.0319890005679513
"2003-09-26",10.0270409584045,10.2381193854592,10.1915523303615,22,1.01248716174717,9.95049044960424,0.074465919532433
"2003-09-30",19.1622505187988,19.1622505187988,19.1622505187988,1,NA,NA,NA
"2003-10-08",10.0626449584961,10.5042585893111,10.4657820321067,22,0.953273743335296,10.2813167095184,0.0626934178462392
"2003-10-09",10.1918702125549,10.3132842381795,10.2750338752578,12,0.934261109305808,10.0141514778137,0.0684186564610197
"2003-10-10",12.5101690292358,12.8576308126035,12.8078436695576,23,1.18242038269857,12.5241926193237,0.0677340593729224
"2003-10-11",12.6080255508423,12.5825861295064,12.5595313058945,6,0.829228000873911,12.6080293655396,0.00839394945050713
"2003-11-11",21.549222946167,21.5794296264648,21.5786916853313,3,0.218716934210747,21.5794296264648,0.0101354362926495
"2004-05-17",17.6364078521729,17.6963625687819,17.6926331668631,13,0.37898147061751,17.6292633056641,0.0144438605386122
"2004-05-20",16.9378986358643,16.981363190545,16.97440460083,18,0.501213048986108,16.9732288122177,0.0236064844893291
"2004-06-16",6.22722721099854,6.41993640718006,6.34902141025931,21,0.985845807309286,6.24442426781905,0.13735763568704
"2004-06-18",4.93492007255554,5.15140828219327,5.12317955516329,22,0.571641012502139,4.97358665968242,0.0730298531330619
"2004-06-30",14.2822456359863,14.5651231493269,14.530779300012,7,1.07895329147154,14.5651231493269,0.0740778694700845
"2004-07-04",10.3503932952881,10.5793494796753,10.5635478200358,25,0.604788206175276,10.3932708826932,0.032371427360792
"2004-07-07",17.6711120605469,17.6711120605469,17.6711120605469,1,NA,NA,NA
"2004-07-13",12.8072261810303,12.8072261810303,12.8072261810303,1,NA,NA,NA
"2004-07-18",5.98008275032043,5.8986234664917,5.85808718724743,20,0.707491306782803,5.89076977305942,0.106575045211927
"2004-08-03",8.29366111755371,8.45805263519287,8.45388938661948,3,0.327328808808197,8.45805263519287,0.0387002567761549
"2004-08-24",19.8691921234131,19.8691921234131,19.8691921234131,1,NA,NA,NA
"2004-09-01",9.40823888778687,9.44551881154378,9.42282534565065,6,0.721658739328735,9.20525512695312,0.0507261198686109
"2004-09-02",11.1112642288208,11.2851592063904,11.2668692195797,10,0.682608061805759,11.2508560419083,0.0370927641539799
"2004-09-11",16.2017393112183,16.1728943188985,16.1569921738332,12,0.749057858820493,16.1831699371338,0.0379481805138132
"2004-09-13",6.58432292938232,6.87453410936438,6.85221461255781,23,0.582524599517684,6.63792012867175,0.0410900180431351
"2004-09-14",9.10576915740967,9.11002344555325,9.06047766579719,9,1.00643006191615,9.11002344555325,0.110475024343368
"2004-09-15",9.0369234085083,9.35796936698582,9.29081496758838,23,1.25367301513783,9.13581592386419,0.0740277399266323
"2004-09-26",7.93368768692017,8.03174756123469,7.99806395241715,13,0.766455821329823,8.04150672392412,0.076468415833102
"2004-09-27",6.95528268814087,7.02220630645752,6.97011203266061,16,0.898265841233847,6.78535890579224,0.0985631801360504
"2004-10-01",8.14690494537354,8.22979556189643,8.2025235361019,9,0.7123208742547,8.09074735641479,0.0762929710575532
"2004-10-02",10.0278286933899,10.0278286933899,10.0051407689221,2,0.953421730428702,10.0278286933899,0.0950775845480064
"2004-10-07",19.4032516479492,19.4032516479492,19.4032516479492,1,NA,NA,NA
"2004-10-08",17.1968898773193,17.593888092041,17.5488542683459,5,1.44765747639797,16.9680614471436,0.0252265419657168
"2004-10-30",15.4580073356628,15.4580073356628,15.4567467116983,2,0.279184096284043,15.4580073356628,0.0180608075945173
"2004-11-04",22.461145401001,22.461145401001,22.4605476479277,2,0.231741580551452,22.461145401001,0.0103174426955593
"2004-11-10",17.6109590530396,17.6109590530396,17.610772879748,2,0.114519393725073,17.6109590530396,0.0065027346540396
"2004-11-23",29.6399173736572,29.6399173736572,29.636350000677,2,0.650323849474366,29.6399173736572,0.0219408118206277
"2005-06-21",6.80299115180969,6.79933909575144,6.79444814561656,12,0.268234904092238,6.84136169606989,0.0345391046092007
"2005-07-04",9.45236873626709,9.45236873626709,9.45236873626709,1,NA,NA,NA
"2005-08-08",12.4032516479492,12.4138350486755,12.3831827121739,4,1.0067674430708,12.4138350486755,0.0811004366598393
"2005-08-18",12.2546534538269,9.86326012611389,8.68234100552164,10,4.64883027789597,9.86326012611389,0.471327960375674
"2005-08-19",6.5099573135376,6.5188235282898,6.48521374309106,10,0.692689356983007,6.52330803871155,0.0685128370644558
"2005-08-27",20.6462230682373,20.7249018351237,20.6966066776149,3,1.32797354153895,20.7249018351237,0.0640762283027251
"2005-09-02",6.50877237319946,6.88588130950928,6.8366315134028,25,0.855517296562543,6.69260549545288,0.106610044614712
"2005-09-03",9.70493221282959,9.69675407409668,9.68718751038305,5,0.48103059031496,9.69675407409668,0.0496073827013883
"2005-09-04",10.2355098724365,10.3632280731201,10.3063770589172,25,1.11015991661328,10.1996048637058,0.0976190542774564
"2005-09-05",9.26872730255127,9.37334750248836,9.36701817372289,13,0.362936922654229,9.30749924977621,0.0308047861023799
"2005-09-06",14.0862264633179,13.8788979848226,13.864931714134,3,0.75697205487197,13.8788979848226,0.0545412219111175
"2005-09-07",12.6068744659424,12.7988055173089,12.7680128433314,17,0.927997427357051,12.5582554499308,0.0529204287871006
"2005-09-11",20.7877712249756,20.6496870858329,20.6419826795186,7,0.607348262524939,20.6496870858329,0.0294119838233105
"2005-09-19",10.2986950874329,10.190908908844,10.1703669528887,8,0.686706351843456,10.3459288733346,0.0551762130679007
"2005-09-25",19.9248428344727,19.9248428344727,19.9248428344727,1,NA,NA,NA
"2005-10-01",8.74322748184204,9.19852423667908,9.15836544767519,4,1.02643646762556,9.19852423667908,0.111587080842017
"2005-10-02",10.1792249679565,10.1543488105138,10.1289692720776,24,0.734786961991985,10.0503235730258,0.0671326668081766
"2005-10-03",12.5746555328369,12.5919389724731,12.5893070669093,4,0.297429375245785,12.5919389724731,0.0236206175947951
"2005-10-04",13.0975317955017,13.0108730196953,12.9513469140886,16,1.28328319332725,13.0108730196953,0.0986315976940726
"2006-04-27",20.9734420776367,21.047261428833,21.0391569334676,15,0.604044235842331,20.9820404052734,0.0271377043065371
"2006-04-28",21.5294818878174,21.4683022499084,21.4649188119974,8,0.40737773108504,21.4683022499084,0.0189757776997377
"2006-05-13",13.0582942962646,13.2583148574829,13.2411206540762,25,0.687997359013296,13.2701291208682,0.0452642126754126
"2006-05-14",12.1119194030762,12.2422926425934,12.2353676957495,24,0.427955772696042,12.1812667017398,0.0257029647010056
"2006-05-15",17.3058776855469,17.3058776855469,17.2887291351301,2,1.08926338340283,17.3058776855469,0.0629418168321238
"2006-05-30",11.887538433075,11.8903217792511,11.8630141224549,20,0.825776762788215,11.8890441788567,0.0597101337276658
"2006-07-01",16.2283000946045,16.4563840230306,16.4513199155559,3,0.502708018027029,16.4563840230306,0.0305479027059342
"2006-07-31",12.9005069732666,12.9001771608988,12.8957117918368,6,0.372160468502802,12.7842233657837,0.0210311831837227
"2006-08-09",5.46308565139771,5.41851607958476,5.41327526975803,6,0.25826897770329,5.50883502960205,0.0270451676852823
"2006-08-22",7.54175806045532,7.28490070196298,7.25468556192997,13,0.686419075301152,7.37208664417267,0.0864532520223107
"2006-08-23",6.66217470169067,6.70998883247375,6.68395645877999,16,0.611627559638112,6.70596122741699,0.0796247695731205
"2006-08-24",9.65670967102051,9.90560445785522,9.8811435221614,20,0.733240401330771,9.64022670072668,0.0384315306304905
"2006-08-25",8.63998985290527,9.11190924924963,9.03074622907782,17,1.28393417909381,8.7956595102946,0.112032991032923
"2006-08-30",17.6028594970703,17.5868968963623,17.554801339635,8,1.12235283275557,17.8796468462263,0.0457711098605229
"2006-09-18",16.4721851348877,16.7194204330444,16.6836860230606,8,1.18071695664168,16.4194262368338,0.054011240171353
"2006-09-19",14.4690790176392,14.4484604644775,14.3851238623016,25,1.38357132657945,14.3206218372692,0.0819831189083748
"2006-09-21",10.6870579719543,10.8071130116781,10.730451904232,24,1.32276300068906,10.5792216777802,0.0952901862013864
"2006-09-27",22.2345333099365,22.2345333099365,22.2345333099365,1,NA,NA,NA
"2006-09-28",18.9189853668213,18.755672454834,18.6930325296261,3,1.86620216165745,18.755672454834,0.0995006799223807
"2006-10-06",13.1504459381104,13.4026748657227,13.3904000995123,5,0.644698648845307,13.4026748657227,0.0481022374491919
"2006-10-07",13.1780891418457,13.161076006682,13.1245310097054,23,1.00378276091298,13.0835650444031,0.0651962516342346
"2006-10-08",14.4852256774902,14.4852256774902,14.4852256774902,1,NA,NA,NA
"2006-10-09",16.7506275177002,17.0728647708893,17.047534244477,8,1.00442737513318,16.8190610068185,0.0451163947374249
"2006-10-16",23.3435897827148,23.3435897827148,23.3435897827148,1,NA,NA,NA
"2007-06-02",12.4802360534668,12.544607963562,12.5412421425691,25,0.297678504785354,12.5116066065702,0.01892425174137
"2007-06-15",5.54543662071228,5.57747977120536,5.55612606338819,14,0.510715188577884,5.57747977120536,0.091567376221521
"2007-06-25",17.7567253112793,17.935795211792,17.9116766564169,5,1.04543116529673,17.935795211792,0.0582874164737007
"2007-07-04",7.09500479698181,7.23745765686035,7.15808599144805,20,1.09950524976076,7.1241896573235,0.125096755731242
"2007-07-13",3.18657875061035,3.20134406998044,3.13090306654916,21,0.692046530495442,3.12211052576701,0.17689465394594
"2007-07-17",11.5711860656738,11.588064511617,11.587248264418,3,0.168567937780053,11.588064511617,0.0145466861710223
"2007-08-01",7.9921452999115,8.00739359855652,7.99958364514852,8,0.379159200146878,7.91767815181187,0.0384331473964477
"2007-08-10",16.1179990768433,16.1429171562195,16.123032792554,6,0.872542218434245,16.411240196228,0.0390966966864377
"2007-08-12",6.95413708686829,7.00364391803741,6.9983110319394,20,0.282517098093224,6.94347153769599,0.0323330341154648
"2007-08-14",8.78452110290527,8.90621023178101,8.88084675512823,25,0.693442359635949,8.79381165297135,0.0678272428992716
"2007-08-16",12.8798675537109,12.8798675537109,12.8798675537109,1,NA,NA,NA
"2007-08-21",15.1197872161865,14.9741210504012,14.9553871273551,22,0.762111617060659,15.0571500376651,0.040490226413143
"2007-08-27",6.79268407821655,6.79268407821655,6.79268407821655,1,NA,NA,NA
"2007-08-28",5.80619549751282,5.84574337439104,5.8399392027129,22,0.26813939608895,5.77755882865504,0.0378689506762724
"2007-08-29",7.57613134384155,7.58001470565796,7.57109107249763,3,0.450320881209285,7.58001470565796,0.0594089719737815
"2007-08-30",7.88096141815186,7.90117699167003,7.8971819745069,23,0.25854842198869,7.80563259124756,0.0204370433107105
"2007-09-02",17.2097024917603,17.2097024917603,17.2042963254316,2,0.609996396119991,17.2097024917603,0.0354449123343095
"2007-09-08",11.5136799812317,11.795520067215,11.7265263780116,12,1.33895390558816,11.6078153090043,0.105756297804959
"2007-09-12",9.46384906768799,9.54318929973402,9.52890364286403,19,0.539893526723728,9.43213872348561,0.0476447195108281
"2007-09-13",9.7600474357605,10.0466256141663,10.0147588256196,14,0.835339956484659,9.94810647230882,0.0784284164813606
"2007-09-17",17.8934135437012,17.8934135437012,17.8934135437012,1,NA,NA,NA
"2007-09-18",17.0930871963501,17.0930871963501,17.0768601749032,2,1.05306834425125,17.0930871963501,0.0616078495449385
"2007-09-20",20.4606151580811,20.4606151580811,20.4606151580811,1,NA,NA,NA
"2007-09-26",7.49821710586548,7.59956026077271,7.59654514380468,7,0.233045255670055,7.53623104095459,0.0235442523435592
"2007-09-29",12.282265663147,12.2645963668823,12.2289998736723,10,0.979912416875896,12.4280021455553,0.0710572769110026
"2007-10-08",16.6812744140625,16.7568595068795,16.7180385625881,7,1.23251534018703,16.7568595068795,0.0735528838014674
"2007-10-19",19.7057495117188,19.5816774368286,19.5490021869772,16,1.16487206481263,19.5816774368286,0.0594878589217172
"2007-10-28",17.2593383789062,17.4010834503174,17.3901322740028,25,0.635498884098089,17.3352313041687,0.0320295818095645
"2007-11-09",12.7358751296997,12.9677214050293,12.94932242052,25,0.711401902452601,12.7929755124179,0.0436473379250242
"2008-05-04",22.3414440155029,22.3356604576111,22.3340473317206,4,0.309896072564608,22.3356604576111,0.0138744978306208
"2008-07-17",6.38515758514404,6.34439329479052,6.32961337757277,23,0.43764034279418,6.43393458818135,0.047227030308804
"2008-08-09",22.0439968109131,21.7703353034125,21.7604287816176,9,0.686259411090723,21.9589877128601,0.0188955764952204
"2008-08-18",8.81664037704468,9.05882896076549,9.0365193480243,22,0.666851126658737,8.84678659941021,0.0452990469563833
"2008-08-21",16.7228965759277,16.7228965759277,16.7222214723494,2,0.212503735842352,16.7228965759277,0.0127073521550236
"2008-09-04",17.1925096511841,17.1925096511841,17.1776506643465,2,1.01064905851158,17.1925096511841,0.0587842658818561
"2008-09-17",12.9765186309814,13.0100041798183,13.0034645716143,14,0.42977818518717,12.8905769983927,0.0256368815236477
"2008-10-14",8.80058097839355,8.76684515816825,8.76426227259712,7,0.230134929249055,8.75883007049561,0.0109721437413255
"2008-11-01",24.3515348434448,24.3515348434448,24.3437156177842,2,0.872650161243273,24.3515348434448,0.035835530156662
"2008-11-02",18.9583730697632,18.8955764770508,18.8657579124983,6,1.1538591660931,19.2635272979736,0.0418147693031844
"2008-11-12",18.252046585083,18.252046585083,18.2512641571093,2,0.239002976787697,18.252046585083,0.0130945850742584
"2008-11-13",16.1890163421631,16.1981557210286,16.1803495677034,15,0.787746477211461,16.187350493211,0.0412302705722064
"2008-11-27",20.4002952575684,20.4002952575684,20.4002952575684,1,NA,NA,NA
"2009-04-25",24.588888168335,24.4841003417969,24.4834958909638,3,0.210368248613345,24.4841003417969,0.00859203506261673
"2009-07-09",7.53832054138184,7.9872171163559,7.95119209872656,20,0.796384038016138,7.66138806939125,0.063335540913059
"2009-07-25",14.3745050430298,14.6315600077311,14.616033498838,9,0.733876884415603,14.4065489768982,0.02136623305778
"2009-08-01",20.7112407684326,20.7112407684326,20.7089064669591,2,0.439743358623264,20.7112407684326,0.0212321107914262
"2009-09-02",12.3490529060364,12.5011639595032,12.4482461200139,16,1.19042150407533,12.4729596546718,0.0806024255344041
"2009-09-04",9.48451328277588,9.8204196583141,9.79499700945277,11,0.755970498323184,9.52795675065782,0.0451530595239657
"2009-09-22",20.887565612793,20.887565612793,20.887565612793,1,NA,NA,NA
"2009-10-03",15.0598082542419,14.7756637334824,14.7526358054577,8,0.876360361915085,14.7756637334824,0.0593110656632778
"2009-11-02",18.8379211425781,18.8379211425781,18.8379211425781,1,NA,NA,NA
"2009-12-02",16.8546619415283,16.0896402994792,16.0394168900203,3,1.52759416001711,16.0896402994792,0.0949427166539306
"2010-03-13",27.775182723999,27.775182723999,27.7740788692821,2,0.350195129703926,27.775182723999,0.0126082025520337
"2010-07-01",17.3032855987549,17.3032855987549,17.3032855987549,1,NA,NA,NA
"2010-07-31",16.7541875839233,16.701639175415,16.6930221454194,8,0.573070484293705,16.701639175415,0.0343122299718503
"2010-08-07",12.4802389144897,12.5423797369003,12.4717535855596,8,1.41974162010047,12.227258001055,0.0976218580674927
"2010-08-22",9.59930801391602,9.81241058349609,9.75333537121825,25,1.12495772959436,9.50751560384577,0.0825542379022602
"2010-08-27",11.9013466835022,11.9379087175642,11.9172838559741,14,0.732553438699423,11.8393199627216,0.0556399945366352
"2010-09-06",14.4829187393188,14.3633460998535,14.2890114947525,11,1.52152579948708,14.3704631593492,0.0807932020227212
"2010-09-07",10.2389907836914,10.2274824778239,10.2273442268548,3,0.0650937933996217,10.2274824778239,0.00636459593460694
"2010-09-09",12.8694109916687,12.9258000254631,12.9233865323124,16,0.259240836753338,12.8527267319815,0.0138144076901718
"2010-09-21",15.5630712509155,15.7012915611267,15.6457908389294,4,1.53349529809494,15.7012915611267,0.0976668251859977
"2010-10-20",17.719856262207,17.5913938221179,17.5470344976464,19,1.27841026531511,17.5884506562177,0.0615790195602004
"2011-07-31",6.7388768196106,6.66456691424052,6.65734774994757,18,0.317869515079809,6.69500468758976,0.0447192161824109
"2011-08-16",11.3066749572754,11.3582256317139,11.3551610563294,5,0.29555898747124,11.3582256317139,0.0260215809277459
"2011-08-18",18.4349403381348,18.4229283766313,18.4120471077127,11,0.663734437068389,18.5225133895874,0.0327635365923406
"2011-08-23",17.6988754272461,17.6500957489014,17.6338641997893,10,0.796343329907141,17.6500957489014,0.0451183574999422
"2011-08-31",13.394688129425,13.4521898031235,13.4377480153034,8,0.666143915365132,13.453114827474,0.0272968773022857
"2011-09-12",10.6939554214478,11.191610399882,11.1578126667957,15,0.921649612496001,10.9178891548744,0.0555626172436371
"2011-09-30",20.9954919815063,21.0668849945068,21.0660684522219,4,0.21477695411901,21.0668849945068,0.0101950029240209
"2011-10-09",20.9687976837158,21.15225537618,21.1484707176917,3,0.491859306244713,21.15225537618,0.0232532794965499
"2011-10-10",17.2134532928467,17.2134532928467,17.1906468881183,2,1.25270414148104,17.2134532928467,0.07277471406633
"2011-10-23",31.3788433074951,31.3788433074951,31.3788433074951,1,NA,NA,NA
"2011-11-08",22.3321380615234,22.3321380615234,22.3321380615234,1,NA,NA,NA
"2011-11-26",25.2552051544189,25.3344529469808,25.3340710522346,3,0.170576129111594,25.3344529469808,0.0067329706889101
"2012-04-19",22.292631149292,22.3894812266032,22.3888045219272,3,0.213561560316859,22.3894812266032,0.0095384773838844
"2012-05-19",17.081262588501,16.9848976135254,16.9821149554952,5,0.343097314158324,16.9848976135254,0.0202001402637311
"2012-05-21",13.996298789978,13.996298789978,13.996298789978,1,NA,NA,NA
"2012-06-17",1.57554519176483,1.90983759611845,1.68059121313891,24,1.06136872539565,1.5955431943848,0.403824157226607
"2012-07-01",13.0836315155029,13.0836315155029,13.0836315155029,1,NA,NA,NA
"2012-07-03",6.22264862060547,6.30018603006999,6.29641736454599,15,0.229645557703824,6.22080557162945,0.0157759903557777
"2012-07-12",22.4320793151855,22.4320793151855,22.4320793151856,1,NA,NA,NA
"2012-07-22",8.78799629211426,8.87651735941569,8.83444800499896,15,0.902953992409701,8.73021189371745,0.0717040011727008
"2012-07-31",11.022716999054,11.1069756031036,10.9957533436229,20,1.62151049059092,10.9204106611364,0.117082917925078
"2012-08-04",8.26843357086182,8.2770881652832,8.27674177300804,11,0.0795534699474609,8.27289390563965,0.00614466768109954
"2012-08-09",15.1682577133179,15.1360143993212,15.0817147190245,23,1.30417557036235,15.0472648620605,0.0652405558361523
"2012-08-17",7.06865668296814,7.18717855215073,7.14846528968666,16,0.773027902363491,7.10561587015788,0.102089074617793
"2012-08-21",11.1135120391846,11.1480730374654,11.1413712632168,6,0.426559617667068,11.0031717300415,0.0240399350491362
"2012-08-25",21.2473621368408,21.1324602014878,21.0808716374773,17,1.52425695168253,20.7929710388184,0.0609292640631733
"2012-09-03",11.4345436096191,11.8105275233587,11.7816343206145,24,0.877514393665544,11.5940017266707,0.0433588613040335
"2012-09-14",8.14404726028442,8.0896852016449,8.06678901349742,12,0.641075261898477,7.96726582267068,0.0632883922033273
"2012-09-16",10.3389263153076,10.3389263153076,10.3389263153076,1,NA,NA,NA
"2012-10-02",18.4395713806152,18.3826863425119,18.3633056790976,7,0.913247388740826,18.1527105967204,0.0410973662198711
"2012-11-12",19.0684204101562,19.0653781890869,19.0625521182979,3,0.401983311987919,19.0653781890869,0.0210844656739102
"2013-07-12",11.5573854446411,11.5573854446411,11.5573854446411,1,NA,NA,NA
"2013-07-13",16.1843948364258,16.1428246247141,16.1109946907747,19,1.03454553269619,16.1685694376628,0.0377990856489896
"2013-07-20",12.2316074371338,12.4427662629348,12.4070424342973,13,0.98532350682201,12.2988931337992,0.0711418913343647
"2013-08-04",2.77473306655884,2.82473704550001,2.79831264599503,9,0.409988245689776,2.74113708734512,0.126488779102967
"2013-08-05",2.88310194015503,2.94393129348755,2.90691563089051,25,0.479608042084747,2.87013259141342,0.147666559839892
"2013-08-07",3.16031789779663,3.20318870544434,3.19856247407307,25,0.178591699472569,3.16831217641416,0.0419223692533895
"2013-08-08",6.26842594146729,6.26842594146729,6.26842594146728,1,NA,NA,NA
"2013-08-10",6.78696370124817,7.06156785147531,7.03404899774673,14,0.65724980982331,6.96291057880108,0.0812876363229391
"2013-08-12",14.9166960716248,15.4890888532003,15.3662335188498,6,2.16257949703697,15.4890888532003,0.139619542345781
"2013-08-21",5.76501512527466,5.70976596832275,5.67681711238579,25,0.622389278455257,5.70994124205216,0.10040762206766
"2013-08-25",20.906135559082,20.906135559082,20.906135559082,1,NA,NA,NA
"2013-09-06",10.6721210479736,10.9610468408336,10.8841349497591,23,1.34156161042253,10.7353006090437,0.108300748677045
"2013-09-17",14.0009179115295,13.9878540039062,13.9514986891122,20,1.04181324468993,13.941028965844,0.060849069390425
"2013-09-18",15.3009934425354,15.5172322591146,15.4930159082574,6,0.958539289963038,15.2183006286621,0.0454445958019483
"2013-09-19",12.6449427604675,12.6507528622945,12.6402632102325,6,0.564273141282977,12.6507528622945,0.0446039178399247
"2013-09-21",15.9972581863403,15.9972581863403,15.9972581863403,1,NA,NA,NA
"2013-10-02",14.711314201355,14.9683790206909,14.9577239329732,3,0.69665466596491,14.9683790206909,0.0465417574609728
"2013-10-03",11.6453819274902,11.9741015434265,11.9458870941142,16,0.86516970426899,11.7409451348441,0.0531093250503017
"2013-10-06",14.2845602035522,14.2717591921488,14.223756710998,18,1.20447341056574,14.2646097540855,0.075704648686988
"2013-10-08",17.248929977417,17.3638699849447,17.3601653327455,12,0.375027223469798,17.3613828659058,0.0179067354579298
"2013-10-19",14.7320795059204,14.7320795059204,14.7320795059204,1,NA,NA,NA
"2013-11-05",17.3102226257324,17.001756477356,16.9700479041093,5,1.15246333925434,17.001756477356,0.0677849574418539
"2013-12-17",29.5731239318848,29.5731239318848,29.5731239318848,1,NA,NA,NA
"2014-05-13",20.6531820297241,20.6705773217337,20.6668411176021,14,0.407719941005643,20.6722776095072,0.0158350396422071
"2014-05-16",20.0152759552002,19.9387678418841,19.9381142691873,7,0.174293418081603,19.9387678418841,0.00874143374674721
"2014-05-29",15.6652536392212,15.8793923854828,15.8600553469038,16,0.813198088364765,15.7966468811035,0.0486726214936177
"2014-06-23",19.1356086730957,19.1663684844971,19.162903820526,4,0.421370512936355,19.1663684844971,0.0219848905272371
"2014-06-28",11.1732959747314,11.3291886806488,11.30031144555,20,0.839597592117548,11.140393310123,0.057499784386644
"2014-07-12",8.76501941680908,8.96317509242466,8.94310541437145,14,0.631637574166097,8.79821046193441,0.0583637901926775
"2014-08-12",14.2257442474365,14.2258159092494,14.185841115358,14,1.11284440419353,14.0605806203989,0.068495425796665
"2014-08-24",8.57117462158203,8.51385290145874,8.47812833205905,25,0.802906011714416,8.33264383402738,0.0804944906889089
"2014-09-07",20.6753330230713,20.8826560974121,20.8671451567913,4,0.934598111818214,20.8826560974121,0.0447547528177718
"2014-09-08",12.3858466148376,12.3375933510917,12.3158836041604,14,0.759999153913013,12.2408556571374,0.0568225789251328
"2014-09-09",8.20423269271851,8.20423269271851,8.20349438931778,2,0.155652694822977,8.20423269271851,0.0189722428230398
"2014-09-25",13.7496166229248,14.2702696209862,14.1788270131134,21,1.70015891990771,14.0675927639008,0.103858521367775
"2014-09-26",16.0896663665771,16.0896663665771,16.0896663665772,1,NA,NA,NA
"2014-10-09",14.9282217025757,14.9754154568627,14.9259459493644,21,1.24313271974606,15.1783353020163,0.0533495862425695
"2015-06-15",9.78760385513306,9.97469225796786,9.89875198456683,22,1.2794737244519,9.73449301719666,0.109204188742179
"2015-07-03",10.3377552032471,10.3859573841095,10.3643538328107,20,0.691731906983388,10.2421192593045,0.0544732866291145
"2015-07-17",8.09416961669922,8.11253118515015,8.11009849024017,3,0.243560446106524,8.11253118515015,0.0300227438943295
"2015-07-30",7.79844093322754,7.84298290525164,7.84223775927947,7,0.117175637457221,7.84298290525164,0.0149401877924228
"2015-08-02",11.7184262275696,11.8514776229858,11.8416188130726,18,0.50357499807777,11.7199156880379,0.0292566587923326
"2015-08-14",8.38309669494629,8.38309669494629,8.38309669494629,1,NA,NA,NA
"2015-08-18",14.9547924995422,14.9547924995422,14.9526180514779,2,0.360644176386747,14.9547924995422,0.0241156255693809
"2015-08-24",21.2496852874756,20.9961631774902,20.98568459338,5,0.737320456888071,20.9961631774902,0.035116914012106
"2015-08-28",10.7548656463623,10.9241485595703,10.9154619951294,5,0.488678112012349,10.9241485595703,0.0447337482960384
"2015-09-17",14.9028387069702,14.8963670730591,14.8915245623598,6,0.416508596708217,14.8963670730591,0.0279604144195329
"2015-09-19",16.5287208557129,16.5287208557129,16.5287208557129,1,NA,NA,NA
"2015-09-21",18.3515853881836,18.4074287414551,18.4053029250042,5,0.312928370491443,18.4074287414551,0.017000113100354
"2015-09-25",16.165011882782,16.165011882782,16.1483582752504,2,1.03743354932765,16.165011882782,0.0641777164687805
"2015-09-26",16.4894275665283,16.6530456542969,16.6011185651413,7,1.42707013701454,16.6530456542969,0.0856942427613128
"2015-09-28",10.759464263916,11.3177267157513,11.2503926455263,23,1.27854288201909,11.0951177052089,0.098627254859743
"2015-10-14",15.7870621681213,15.9957898987664,15.9753006504191,18,0.852244945637533,15.8499950521133,0.0381269477063596
"2015-10-15",19.7324047088623,19.7324047088623,19.7324047088623,1,NA,NA,NA
"2015-10-27",20.0790519714355,20.0623281266954,20.0265834799353,9,1.24686773766364,20.361519575119,0.0454399801568242
"2015-10-30",25.6759471893311,25.6759471893311,25.6758061738859,2,0.120344425364066,25.6759471893311,0.00468704910773739
"2015-11-10",21.0430774688721,21.0432224273682,21.03042848955,21,0.750165751010766,21.1758341538279,0.0309503552930357
"2015-11-26",25.5931777954102,25.5931777954102,25.5931777954102,1,NA,NA,NA
"2016-06-17",18.7545261383057,18.7545261383057,18.7545261383057,1,NA,NA,NA
"2016-06-24",18.4007606506348,17.7457218170166,17.6818127412608,15,1.49420783105307,18.2427332951472,0.0420453857230251
"2016-07-03",5.27671504020691,5.58532524108887,5.41466788683336,20,1.45607234737427,5.28770224253337,0.224659489855949
"2016-07-04",5.19668364524841,5.19668364524841,5.19645114098842,2,0.0695190349825971,5.19668364524841,0.0133775768794704
"2016-07-19",7.49134492874146,7.78606044678461,7.76493562033295,21,0.602787399806489,7.52709705689374,0.035928591929575
"2016-07-24",16.6893663406372,16.5001923561096,16.4629260838102,10,1.17918899285441,16.2515126334296,0.0573470377130483
"2016-08-03",10.7893447875977,10.9699557044289,10.9392371819004,11,0.891159177996057,10.7530589103699,0.0515625331112424
"2016-08-18",9.24347686767578,9.68821131388346,9.47502633236601,15,2.21869989673252,9.30222027642386,0.182895758067805
"2016-09-04",17.760196685791,17.6975868225098,17.6781520388175,10,0.876834856853987,17.5242900848389,0.0414286438280679
"2016-09-10",18.9908008575439,18.7807341681586,18.7394636152018,9,1.31562401731753,18.7807341681586,0.0700517884731086
"2016-09-16",9.62920761108398,9.89548851013184,9.83601036488971,25,1.12212187549284,9.54409235999698,0.0874731721649731
"2016-10-04",17.5669975280762,18.108009001788,18.0613426676014,17,1.36429636645555,17.7598344167074,0.0569318477809284
"2016-10-05",17.3668975830078,17.6056305567424,17.5559126746638,6,1.45960644255012,17.6056305567424,0.082905661222747
"2016-10-15",13.4200325012207,13.386634349823,13.3851694417297,4,0.228210544628273,13.386634349823,0.0170476416001675
"2016-10-16",12.114221572876,11.986695425851,11.9832311260141,7,0.310185346428457,12.0666810671488,0.0205880586862836
"2016-10-18",17.8042011260986,17.8382778167725,17.7915322206418,14,1.34416422288639,17.6622535999005,0.0690508889312621
"2016-11-14",20.1857376098633,20.100129365921,20.0818613272768,16,0.882729644873181,20.1015150887626,0.0383478208224319
"2016-11-28",6.61866593360901,6.6329327027003,6.624701525475,12,0.345322755392657,6.62956967353821,0.0383933642936255
"2017-05-28",19.6072216033936,17.3493077414376,16.8147422611943,7,4.01698019506186,18.750768661499,0.0902695965733483
"2017-06-22",14.3526058197021,14.3861837387085,14.375571970808,8,0.590278858587131,14.3861837387085,0.0410309550682913
"2017-06-25",11.7299242019653,11.7349268306385,11.718036729036,11,0.66030541430581,11.6325331687927,0.0513140658868713
"2017-07-05",9.98282337188721,9.98282337188721,9.98282337188721,1,NA,NA,NA
"2017-07-06",8.13314819335938,7.99506171544393,7.94290682738399,15,0.93620368220514,7.99110863758967,0.099950339525499
"2017-07-22",10.0345029830933,10.3181016921997,10.2621852728839,20,1.11940952207282,10.087960879008,0.0898616695306863
"2017-07-26",14.4529314041138,14.5043973922729,14.4889222403288,7,0.7255800559044,14.3037074406942,0.0378712083552521
"2017-07-31",21.0918216705322,21.0918216705322,21.0918216705322,1,NA,NA,NA
"2017-08-04",11.6126022338867,11.6724031766256,11.5972484906328,24,1.35866405598001,11.5335562115624,0.0937421062061746
"2017-08-07",10.2860546112061,10.1846634546916,10.1526581365138,15,0.830705324271595,10.2856254577637,0.0555735757660991
"2017-08-09",11.4676971435547,11.4889030075073,11.4500419756762,25,0.969553553041901,11.3426176154095,0.0761019583487211
"2017-08-25",18.9166698455811,18.755160967509,18.6928084963665,15,1.55323380051347,18.9920751026699,0.0684784920972064
"2017-09-08",12.4056239128113,12.4056239128113,12.3875832093499,2,0.945819113306913,12.4056239128113,0.0762411564266564
"2017-09-21",15.6173148155212,15.8041824234856,15.796452864308,18,0.516028950611025,15.7154557284187,0.0231507727461346
"2017-10-05",14.8762989044189,15.011541149833,14.9668649181095,22,1.1964124965732,14.7020850432547,0.0654665241895195
"2017-11-18",21.5863819122314,20.6354499816895,20.5155383193954,5,2.41688565761657,21.556948184967,0.0676606483240591
"2018-05-30",17.5485067367554,17.5485067367554,17.547456125702,2,0.27155922562624,17.5485067367554,0.0154747768399837
"2018-05-31",15.6231045722961,15.7421523440968,15.7166899490607,22,0.9246944059235,15.5646370410919,0.0484668650071485
"2018-06-15",15.4522151947021,15.4522151947021,15.4522151947021,1,NA,NA,NA
"2018-07-16",15.2248110771179,15.1938750478956,15.178155658313,18,0.709662302555631,15.1977097392082,0.0401024522327353
"2018-07-24",8.25582218170166,8.33042001724243,8.32176136421566,4,0.441980766180349,8.33042001724243,0.0530562402934703
"2018-07-25",9.0128321647644,9.17983245849609,9.0935001308413,20,1.32057152339707,8.87998761071099,0.111029413918683
"2018-08-10",11.0951147079468,11.1429724412806,11.0952396230995,17,1.07355909773219,11.0960506439209,0.0767370795072148
"2018-08-11",12.4065599441528,12.4065599441528,12.4065599441528,1,NA,NA,NA
"2018-09-08",10.531928062439,10.4791040420532,10.413476793187,9,1.24905807782631,10.2404718399048,0.106851753680911
"2018-09-10",10.908881187439,10.908881187439,10.908881187439,1,NA,NA,NA
"2018-09-13",19.9097967147827,20.2971658706665,20.2727235942806,6,1.10491674335016,19.9273525238037,0.0354961845898872
"2018-09-24",12.3628215789795,12.3831506055944,12.30404762277,17,1.46137894504631,12.1999918222427,0.105914974575605
"2019-06-17",8.41291427612305,8.39904557957369,8.39552455250499,17,0.250895981384948,8.39381872812907,0.0238604931998143
"2019-07-03",8.89121246337891,8.86045010884603,8.8575108490251,12,0.237561855493725,8.90196956287731,0.0222763345681017
"2019-08-14",9.3296012878418,9.3296012878418,9.3242608138691,2,0.446364122762143,9.3296012878418,0.0478438583805118
"2019-08-15",8.08385229110718,8.15224807912653,8.12263492433582,22,0.715569716405033,8.0339430809021,0.0790123694807752
"2019-08-31",10.8732538223267,11.1874062728882,11.167897795256,25,0.686001285119341,11.0051446827975,0.0450084863071201
"2019-10-28",17.9002017974854,17.8500684102376,17.8495488272646,3,0.166589555239331,17.8500684102376,0.00933271242500036
"2019-10-29",20.2907876968384,20.2853150367737,20.2784256562113,4,0.610369238200892,20.2853150367737,0.0300892166128256
"2019-11-09",21.3797054290771,21.3797054290771,21.3797054290771,1,NA,NA,NA
"2020-05-23",20.2727155685425,20.2727155685425,20.2726115427977,2,0.0918450635757879,20.2727155685425,0.00453047660365272
"2020-05-25",20.6961278915405,20.9349513053894,20.9303338583197,8,0.471750376077129,20.9349513053894,0.0225341042926469
"2020-06-19",8.69505310058594,8.63269546296861,8.58110391517004,18,0.958859236699328,8.73954426447551,0.0803405760240634
"2020-06-21",4.39902687072754,4.71915047168732,4.67459961340096,20,0.693543134217372,4.55666695700751,0.110711158286085
"2020-06-24",5.05836296081543,5.05836296081543,5.05836296081543,1,NA,NA,NA
"2020-07-03",9.81171941757202,9.75039498011271,9.7174952089675,6,0.871284397854497,10.0224784851074,0.0626047817223926
"2020-07-07",9.01856422424316,9.33474363327026,9.28137592892173,25,1.04724159824556,9.05276573788036,0.0808812230866754
"2020-07-21",7.54404973983765,7.73722538581261,7.71913984097804,13,0.560280331388394,7.63618389765422,0.0582220518047372
"2020-07-31",13.6942949295044,13.6942949295044,13.6942949295044,1,NA,NA,NA
"2020-08-05",11.7092218399048,12.6151962280273,12.5449188421145,9,1.44607606633196,12.2770190238953,0.0897298624384898
"2020-08-06",11.8380789756775,11.8380789756775,11.8370750930081,2,0.218023287123338,11.8380789756775,0.0184171171328802
"2020-08-19",7.22786235809326,7.68839291522377,7.63221326618997,19,0.98386976588288,7.56245599852668,0.111096499604146
"2020-08-20",9.18609619140625,9.18609619140625,9.18609619140625,1,NA,NA,NA
"2020-08-22",12.5907564163208,12.7513450622559,12.7146488130455,15,1.00154861313571,12.8541961510976,0.0567345468784196
"2020-09-05",15.2423615455627,15.4617569446564,15.402688560596,4,1.57319467388921,15.4617569446564,0.101747471488543
"2020-09-21",18.1872138977051,18.1872138977051,18.1872138977051,1,NA,NA,NA
"2020-10-15",14.0746984481812,13.9212066650391,13.8549271869023,25,1.39008594103449,13.7908809401772,0.0825139193572473
"2020-10-16",15.3414278030396,15.3414278030396,15.3392095107963,2,0.368940699222419,15.3414278030396,0.0240486546597261
"2020-10-18",18.0136127471924,17.9681839261736,17.956341255896,14,0.678538100095826,17.7884802818298,0.0306319522037601
"2020-10-31",18.4501686096191,18.6086337566376,18.5750735754387,8,1.19852629162064,18.6086337566376,0.0644070009273589
"2021-05-24",15.6369457244873,15.6369457244873,15.6369457244873,1,NA,NA,NA
"2021-06-08",9.64068269729614,9.64068269729614,9.6358445343647,2,0.431886511711257,9.64068269729614,0.0447983327811821
"2021-06-13",11.3365716934204,10.6521008809408,10.5827626709416,3,1.44802383426378,10.6521008809408,0.135937863380045
"2021-06-24",4.79320621490479,5.27899305343628,5.22968331096984,25,0.762247132752819,5.07611885937777,0.108450242771037
"2021-08-04",14.5521230697632,14.5521230697632,14.5521230697632,1,NA,NA,NA
"2021-08-13",18.6237144470215,18.6684951782227,18.6549494830751,4,0.822430057904922,18.6684951782227,0.0440544377065973
"2021-09-07",7.98068237304688,8.07668474316597,8.06814084611706,16,0.392501208048516,8.00226488113403,0.0330905576693376
"2021-09-19",12.3858413696289,12.312471259724,12.2872789145898,22,0.804743438237562,12.3111184597015,0.0550285271596119
"2021-09-21",7.45239019393921,7.43801239558629,7.43449277316693,7,0.247963820035959,7.37106410662333,0.0257885506442446
"2021-09-23",8.90841960906982,8.90248828464084,8.89576373699781,9,0.368078550678772,8.8326051235199,0.0366172995009232
"2021-10-05",7.69071912765503,7.66174908479055,7.63319007449824,12,0.69095381574943,7.66174908479055,0.0901822557881794
"2021-10-07",9.28709030151367,9.65887084960938,9.62645409986609,25,0.830587344151338,9.49122594750446,0.0648470324864091
"2021-10-09",13.8625798225403,13.3648244539897,13.2959550002016,12,1.39908049622216,13.1628867062655,0.0965428373775864
"2021-10-18",9.42826509475708,9.4472074508667,9.44674282173232,4,0.108305044678417,9.4472074508667,0.0114642390612986
"2021-10-21",12.3282909393311,12.6421370139489,12.6150947708676,13,0.872488064781723,12.4864315191905,0.0558666943268885
"2021-11-04",11.6114726066589,11.7346315383911,11.7254053898222,4,0.540809291612146,11.7346315383911,0.0460866018539082
"2021-11-06",14.4321718215942,14.58522605896,14.582772659205,3,0.328971044825022,14.58522605896,0.0225550871474446
"2021-11-07",21.5088357925415,21.5088357925415,21.4964326123442,2,1.03286213355076,21.5088357925415,0.0480203644452446
