Filter,SampleID,FilterWtmg,FilterSamplewtmg,SampleWeightmg,Vol.Filtered.ml,SPM,YEAR,MONTH,DAY,Time.UTC,STATION,CRUISE,LATITUDE,LONGITUDE,Depth,Confidence
17655,322763,55.79,67.777,12.857,1000,12.857,2011,3,14,NA,A5,BCD2011920,45.239567,-64.25935,NA,Medium
17658,322764,62.77,76.347,14.447,1000,14.447,2011,3,14,NA,A5,BCD2011920,45.239567,-64.25935,NA,Medium
17659,322765,62.92,76.767,14.717,1000,14.717,2011,3,14,NA,A5,BCD2011920,45.239567,-64.25935,NA,Medium
17656,322766,59.81,73.954,15.014,1000,15.014,2011,3,14,NA,A5,BCD2011920,45.239567,-64.25935,NA,Medium
17657,322767,62.02,76.113,14.963,1000,14.963,2011,3,14,NA,A5,BCD2011920,45.239567,-64.25935,NA,Medium
17661,322768,60.84,78.995,19.025,1000,19.025,2011,3,14,NA,A5,BCD2011920,45.239567,-64.25935,NA,Medium
17663,322769,62.2,78.506,17.176,1000,17.176,2011,3,14,NA,A5,BCD2011920,45.239567,-64.25935,NA,Medium
17662,322770,59.12,76.153,17.903,1000,17.903,2011,3,14,NA,A5,BCD2011920,45.239567,-64.25935,NA,Medium
17664,322771,60.14,76.393,17.123,1000,17.123,2011,3,14,NA,A5,BCD2011920,45.239567,-64.25935,NA,Medium
17665,322772,56.11,71.849,16.609,1000,16.609,2011,3,14,NA,A5,BCD2011920,45.239567,-64.25935,NA,Medium
17666,322773,59.84,77.25,18.28,1000,18.28,2011,3,14,NA,A5,BCD2011920,45.239567,-64.25935,NA,Medium
17667,322774,61.96,79.184,18.094,1000,18.094,2011,3,14,NA,A5,BCD2011920,45.239567,-64.25935,NA,Medium
17668,322775,63.21,78.328,15.988,1000,15.988,2011,3,14,NA,A5,BCD2011920,45.239567,-64.25935,NA,Medium
17669,322776,62.77,82.626,20.726,1000,20.726,2011,3,14,NA,A5,BCD2011920,45.239567,-64.25935,NA,Medium
17671,322777,56.12,73.253,18.003,1000,18.003,2011,3,14,NA,A5,BCD2011920,45.239567,-64.25935,NA,Medium
17672,322778,63.33,78.416,15.956,1000,15.956,2011,3,14,NA,A5,BCD2011920,45.239567,-64.25935,NA,Medium
17673,322779,61.17,72.886,12.586,1000,12.586,2011,3,14,NA,A5,BCD2011920,45.239567,-64.25935,NA,Medium
17674,322780,62.79,80.916,18.996,1000,18.996,2011,3,14,NA,A5,BCD2011920,45.239567,-64.25935,NA,Medium
17675,322781,58.18,72.747,15.437,1000,15.437,2011,3,14,NA,A5,BCD2011920,45.239567,-64.25935,NA,Medium
17676,322782,59.14,70.916,12.646,1000,12.646,2011,3,14,NA,A5,BCD2011920,45.239567,-64.25935,NA,Medium
17677,322783,59.49,71.578,12.958,1000,12.958,2011,3,14,NA,A5,BCD2011920,45.239567,-64.25935,NA,Medium
17679,322784,56.48,68.751,13.141,1000,13.141,2011,3,14,NA,A5,BCD2011920,45.239567,-64.25935,NA,Medium
17681,322785,62.86,77.468,15.478,1000,15.478,2011,3,14,NA,A5,BCD2011920,45.239567,-64.25935,NA,Medium
17682,322786,55.77,65.768,10.868,1000,10.868,2011,3,14,NA,A5,BCD2011920,45.239567,-64.25935,NA,Medium
17683,322787,63.12,76.007,13.757,1000,13.757,2011,3,14,NA,A5,BCD2011920,45.239567,-64.25935,NA,Medium
17689,322817,71.34,63.23,8.11,1000,8.48,2011,6,NA,NA,NA,NA,NA,NA,NA,Low
17691,322818,71.68,61.45,10.23,1000,10.6,2011,6,NA,NA,NA,NA,NA,NA,NA,Low
17695,322819,69.41,59.12,10.29,1000,10.66,2011,6,NA,NA,NA,NA,NA,NA,NA,Low
17696,322820,71.61,62.36,9.25,1000,9.62,2011,6,NA,NA,NA,NA,NA,NA,NA,Low
17704,322821,72.14,62.09,10.05,1000,10.42,2011,6,NA,NA,NA,NA,NA,NA,NA,Low
17705,322822,67.15,58.11,9.04,1000,9.41,2011,6,NA,NA,NA,NA,NA,NA,NA,Low
17715,322823,61.58,56.05,5.53,1000,5.9,2011,6,NA,NA,NA,NA,NA,NA,NA,Low
17723,322824,64.68,59.47,5.21,1000,5.58,2011,6,NA,NA,NA,NA,NA,NA,NA,Low
17725,322825,67.74,59.82,7.92,1000,8.29,2011,6,NA,NA,NA,NA,NA,NA,NA,Low
17726,322826,67.51,59.34,8.17,1000,8.54,2011,6,NA,NA,NA,NA,NA,NA,NA,Low
17734,322827,69.74,62.48,7.26,1000,7.63,2011,6,NA,NA,NA,NA,NA,NA,NA,Low
17735,322828,66.35,61.64,4.71,1000,5.08,2011,6,NA,NA,NA,NA,NA,NA,NA,Low
17744,322829,67.37,60.94,6.43,1000,6.8,2011,6,NA,NA,NA,NA,NA,NA,NA,Low
17688,352745,70.47,62.27,8.2,1000,8.57,2011,6,NA,NA,NA,NA,NA,NA,NA,Low
17685,352746,71.22,60.69,10.53,1000,10.9,2011,6,NA,NA,NA,NA,NA,NA,NA,Low
17684,352750,73.77,62.81,10.96,1000,11.33,2011,6,NA,NA,NA,NA,NA,NA,NA,Low
18171,371637,57.4,59.69,1.84,2000,0.92,2011,7,13,NA,A5,BCD2011921,45.239567,-64.25935,NA,Medium
18172,371638,58.04,61.55,3.06,2000,1.53,2011,7,13,NA,A5,BCD2011921,45.239567,-64.25935,NA,Medium
18169,371639,60.11,66.24,5.68,2000,2.84,2011,7,13,NA,A5,BCD2011921,45.239567,-64.25935,NA,Medium
18021,373751,62.75,72.33,9.58,1000,9.7683,2011,9,NA,NA,NA,NA,NA,NA,NA,Low
18022,373752,58.33,66.73,8.4,1000,8.5883,2011,9,NA,NA,NA,NA,NA,NA,NA,Low
18023,373753,60.98,70.6,9.62,1000,9.8083,2011,9,NA,NA,NA,NA,NA,NA,NA,Low
18024,373754,62.63,71.66,9.03,1000,9.2183,2011,9,NA,NA,NA,NA,NA,NA,NA,Low
18025,373756,57.45,63.23,5.78,1000,5.9683,2011,9,NA,NA,NA,NA,NA,NA,NA,Low
18026,373758,62.04,71.19,9.15,1000,9.3383,2011,9,NA,NA,NA,NA,NA,NA,NA,Low
18027,373760,63.02,68.78,5.76,1000,5.9483,2011,9,NA,NA,NA,NA,NA,NA,NA,Low
18028,373762,62.58,70.27,7.69,1000,7.8783,2011,9,NA,NA,NA,NA,NA,NA,NA,Low
18029,373764,64.45,68.53,4.08,1000,4.2683,2011,9,NA,NA,NA,NA,NA,NA,NA,Low
18031,373766,60.04,69.38,9.34,1000,9.5283,2011,9,NA,NA,NA,NA,NA,NA,NA,Low
18032,373768,59.24,65.23,5.99,1000,6.1783,2011,9,NA,NA,NA,NA,NA,NA,NA,Low
18033,373770,61.24,68.54,7.3,1000,7.4883,2011,9,NA,NA,NA,NA,NA,NA,NA,Low
18034,373772,57.13,64.53,7.4,1000,7.5883,2011,9,NA,NA,NA,NA,NA,NA,NA,Low
18035,373774,59.13,66.39,7.26,1000,7.4483,2011,9,NA,NA,NA,NA,NA,NA,NA,Low
18036,373776,57.71,63.83,6.12,1000,6.3083,2011,9,NA,NA,NA,NA,NA,NA,NA,Low
18037,373778,62.33,71.42,9.09,1000,9.2783,2011,9,NA,NA,NA,NA,NA,NA,NA,Low
18038,373779,57.38,69.87,12.49,1000,12.6783,2011,9,NA,NA,NA,NA,NA,NA,NA,Low
18039,373780,59.67,70.74,11.07,1000,11.2583,2011,9,NA,NA,NA,NA,NA,NA,NA,Low
18041,373781,59.14,68.1,8.96,1000,9.1483,2011,9,NA,NA,NA,NA,NA,NA,NA,Low
18042,373782,59,67.15,8.15,1000,8.3383,2011,9,NA,NA,NA,NA,NA,NA,NA,Low
18043,373783,55.47,65.18,9.71,1000,9.8983,2011,9,NA,NA,NA,NA,NA,NA,NA,Low
18045,373785,59.73,71.24,11.51,1000,11.6983,2011,9,NA,NA,NA,NA,NA,NA,NA,Low
18046,373786,58.33,67.47,9.14,1000,9.3283,2011,9,NA,NA,NA,NA,NA,NA,NA,Low
18047,373787,57.11,68.27,11.16,1000,11.3483,2011,9,NA,NA,NA,NA,NA,NA,NA,Low
18048,373788,62.88,74.5,11.62,1000,11.8083,2011,9,NA,NA,NA,NA,NA,NA,NA,Low
18049,373789,63.44,72.5,9.06,1000,9.2483,2011,9,NA,NA,NA,NA,NA,NA,NA,Low
18050,373790,60.35,70.01,9.66,1000,9.8483,2011,9,NA,NA,NA,NA,NA,NA,NA,Low
18051,373791,57.67,65.21,7.54,1000,7.7283,2011,9,NA,NA,NA,NA,NA,NA,NA,Low
18052,373792,54.4,60.4,6,1000,6.1883,2011,9,NA,NA,NA,NA,NA,NA,NA,Low
18053,373793,54.92,62.62,7.7,1000,7.8883,2011,9,NA,NA,NA,NA,NA,NA,NA,Low
18054,373794,59.35,67.95,8.6,1000,8.7883,2011,9,NA,NA,NA,NA,NA,NA,NA,Low
18055,373795,60.5,69.31,8.81,1000,8.9983,2011,9,NA,NA,NA,NA,NA,NA,NA,Low
18056,373796,56.84,65.03,8.19,1000,8.3783,2011,9,NA,NA,NA,NA,NA,NA,NA,Low
18057,373797,60.11,67.45,7.34,1000,7.5283,2011,9,NA,NA,NA,NA,NA,NA,NA,Low
18058,373798,59.84,69.37,9.53,1000,9.7183,2011,9,NA,NA,NA,NA,NA,NA,NA,Low
18059,373799,56.93,66.95,10.02,1000,10.2083,2011,9,NA,NA,NA,NA,NA,NA,NA,Low
18061,373800,62.75,71.84,9.09,1000,9.2783,2011,9,NA,NA,NA,NA,NA,NA,NA,Low
18062,373801,61.41,79.79,18.38,1000,18.5683,2011,9,NA,NA,NA,NA,NA,NA,NA,Low
18063,373802,59.41,75.54,16.13,1000,16.3183,2011,9,NA,NA,NA,NA,NA,NA,NA,Low
18064,373803,60.46,71.9,11.44,1000,11.6283,2011,9,NA,NA,NA,NA,NA,NA,NA,Low
18065,373804,58.66,67.51,8.85,1000,9.0383,2011,9,NA,NA,NA,NA,NA,NA,NA,Low
18066,373805,60.82,70.71,9.89,1000,10.0783,2011,9,NA,NA,NA,NA,NA,NA,NA,Low
18067,373806,58.69,67.32,8.63,1000,8.8183,2011,9,NA,NA,NA,NA,NA,NA,NA,Low
18068,373807,61.19,72.94,11.75,1000,11.9383,2011,9,NA,NA,NA,NA,NA,NA,NA,Low
18069,373808,63.02,71.89,8.87,1000,9.0583,2011,9,NA,NA,NA,NA,NA,NA,NA,Low
18071,373809,62.49,72.17,9.68,1000,9.8683,2011,9,NA,NA,NA,NA,NA,NA,NA,Low
18072,373810,58.49,69.99,11.5,1000,11.6883,2011,9,NA,NA,NA,NA,NA,NA,NA,Low
18073,373811,57.49,66.46,8.97,1000,9.1583,2011,9,NA,NA,NA,NA,NA,NA,NA,Low
18075,373812,61.23,68.55,7.32,1000,7.5083,2011,9,NA,NA,NA,NA,NA,NA,NA,Low
18076,373813,57,67.3,10.3,1000,10.4883,2011,9,NA,NA,NA,NA,NA,NA,NA,Low
18078,373814,62,70.85,8.85,1000,9.0383,2011,9,NA,NA,NA,NA,NA,NA,NA,Low
18079,373815,60.8,68.98,8.18,1000,8.3683,2011,9,NA,NA,NA,NA,NA,NA,NA,Low
18081,373816,58.07,71.47,13.4,1000,13.5883,2011,9,NA,NA,NA,NA,NA,NA,NA,Low
17693,376001,70.13,59.68,10.45,1000,10.82,2011,6,NA,NA,NA,NA,NA,NA,NA,Low
17686,376002,68.75,58.97,9.78,1000,10.15,2011,6,NA,NA,NA,NA,NA,NA,NA,Low
17694,376003,67.7,60.8,6.9,1000,7.27,2011,6,NA,NA,NA,NA,NA,NA,NA,Low
17697,376004,65.9,59.4,6.5,1000,6.87,2011,6,NA,NA,NA,NA,NA,NA,NA,Low
17702,376008,63.73,55.68,8.05,1000,8.42,2011,6,NA,NA,NA,NA,NA,NA,NA,Low
17699,376009,68.63,62.36,6.27,1000,6.64,2011,6,NA,NA,NA,NA,NA,NA,NA,Low
17701,376010,70.5,62.8,7.7,1000,8.07,2011,6,NA,NA,NA,NA,NA,NA,NA,Low
17703,376011,72.63,63.15,9.48,1000,9.85,2011,6,NA,NA,NA,NA,NA,NA,NA,Low
17706,376012,60.42,55.87,4.55,1000,4.92,2011,6,NA,NA,NA,NA,NA,NA,NA,Low
17707,376016,65.37,58.55,6.82,1000,7.19,2011,6,NA,NA,NA,NA,NA,NA,NA,Low
17708,376017,69.46,60.06,9.4,1000,9.77,2011,6,NA,NA,NA,NA,NA,NA,NA,Low
17709,376018,64.3,58.05,6.25,1000,6.62,2011,6,NA,NA,NA,NA,NA,NA,NA,Low
17711,376019,69.52,61.31,8.21,1000,8.58,2011,6,NA,NA,NA,NA,NA,NA,NA,Low
17712,376020,66.75,59.24,7.51,1000,7.88,2011,6,NA,NA,NA,NA,NA,NA,NA,Low
17713,376021,65.32,58.89,6.43,1000,6.8,2011,6,NA,NA,NA,NA,NA,NA,NA,Low
17717,376025,63.64,59.36,4.28,1000,4.65,2011,6,NA,NA,NA,NA,NA,NA,NA,Low
17716,376026,69.16,63.29,5.87,1000,6.24,2011,6,NA,NA,NA,NA,NA,NA,NA,Low
17718,376027,61.42,56.34,5.08,1000,5.45,2011,6,NA,NA,NA,NA,NA,NA,NA,Low
17721,376028,62.88,59.1,3.78,1000,4.15,2011,6,NA,NA,NA,NA,NA,NA,NA,Low
17719,376029,66.02,59.71,6.31,1000,6.68,2011,6,NA,NA,NA,NA,NA,NA,NA,Low
17724,376030,65.16,59.42,5.74,1000,6.11,2011,6,NA,NA,NA,NA,NA,NA,NA,Low
17727,376031,69.75,62.65,7.1,1000,7.47,2011,6,NA,NA,NA,NA,NA,NA,NA,Low
17729,376035,60.93,55.19,5.74,1000,6.11,2011,6,NA,NA,NA,NA,NA,NA,NA,Low
17728,376036,69.38,62.98,6.4,850,7.96,2011,6,NA,NA,NA,NA,NA,NA,NA,Low
17731,376036,68.29,62.04,6.25,1000,6.62,2011,6,NA,NA,NA,NA,NA,NA,NA,Low
17732,376037,71.54,63.01,8.53,1000,8.9,2011,6,NA,NA,NA,NA,NA,NA,NA,Low
17733,376038,70.35,59.87,10.48,1000,10.85,2011,6,NA,NA,NA,NA,NA,NA,NA,Low
17736,376039,60.04,55.19,4.85,1000,5.22,2011,6,NA,NA,NA,NA,NA,NA,NA,Low
17737,376043,68.59,62.33,6.26,1000,6.63,2011,6,NA,NA,NA,NA,NA,NA,NA,Low
17738,376044,68.65,57.9,10.75,1000,11.12,2011,6,NA,NA,NA,NA,NA,NA,NA,Low
17739,376045,65.22,55.22,10,1000,10.37,2011,6,NA,NA,NA,NA,NA,NA,NA,Low
18907,383067,60.93,76.38,15.87666667,440,36.08333333,2012,3,29,11:30,A5,BCD2012901,45.240283,-64.263083,20,High
18908,383068,59.01,74.78,16.19666667,465,34.83154122,2012,3,29,11:30,A5,BCD2012901,45.240283,-64.263083,10,High
18909,383069,62.79,75.59,13.22666667,490,26.99319728,2012,3,29,11:30,A5,BCD2012901,45.240283,-64.263083,5,High
18911,383070,64.05,77.02,13.39666667,480,27.90972222,2012,3,29,11:30,A5,BCD2012901,45.240283,-64.263083,0,High
18912,383071,60.85,70.89,10.46666667,500,20.93333333,2012,3,29,12:30,A5,BCD2012901,45.240283,-64.263083,18,High
18913,383072,60.94,73.94,13.42666667,520,25.82051282,2012,3,29,12:30,A5,BCD2012901,45.240283,-64.263083,15,High
18914,383073,59.32,74.92,16.02666667,360,44.51851852,2012,3,29,12:30,A5,BCD2012901,45.240283,-64.263083,10,High
18915,383074,58.01,72.97,15.38666667,600,25.64444444,2012,3,29,12:30,A5,BCD2012901,45.240283,-64.263083,0,High
18917,383075,58.38,69.94,11.98666667,370,32.3963964,2012,3,29,13:30,A5,BCD2012901,45.240283,-64.263083,17,High
18918,383076,60.28,71.3,11.44666667,360,31.7962963,2012,3,29,13:30,A5,BCD2012901,45.240283,-64.263083,10,High
18919,383077,55.95,65.67,10.14666667,440,23.06060606,2012,3,29,13:30,A5,BCD2012901,45.240283,-64.263083,5,High
18921,383078,57.4,68.72,11.74666667,435,27.00383142,2012,3,29,13:30,A5,BCD2012901,45.240283,-64.263083,0,High
18922,383079,63.58,76.94,13.78666667,395,34.90295359,2012,3,29,14:30,A5,BCD2012901,45.240283,-64.263083,17,High
18923,383080,58.12,71.19,13.49666667,430,31.3875969,2012,3,29,14:30,A5,BCD2012901,45.240283,-64.263083,10,High
18924,383081,61.01,73.63,13.04666667,420,31.06349206,2012,3,29,14:30,A5,BCD2012901,45.240283,-64.263083,5,High
18925,383082,58.14,69.82,12.10666667,555,21.81381381,2012,3,29,14:30,A5,BCD2012901,45.240283,-64.263083,0,High
18926,383083,56.07,68.37,12.72666667,410,31.04065041,2012,3,29,15:30,A5,BCD2012901,45.240283,-64.263083,18,High
18927,383084,63.5,73.91,10.83666667,350,30.96190476,2012,3,29,15:30,A5,BCD2012901,45.240283,-64.263083,10,High
18928,383085,55.84,66.04,10.62666667,405,26.23868313,2012,3,29,15:30,A5,BCD2012901,45.240283,-64.263083,5,High
18929,383086,58.93,69.44,10.93666667,385,28.40692641,2012,3,29,15:30,A5,BCD2012901,45.240283,-64.263083,0,High
18931,383087,59.24,72.71,13.89666667,505,27.51815182,2012,3,29,16:30,A5,BCD2012901,45.240283,-64.263083,19,High
18932,383088,58.68,71.14,12.88666667,410,31.43089431,2012,3,29,16:30,A5,BCD2012901,45.240283,-64.263083,10,High
18933,383089,62.68,76.12,13.86666667,420,33.01587302,2012,3,29,16:30,A5,BCD2012901,45.240283,-64.263083,5,High
18934,383090,58.52,72.99,14.89666667,465,32.03584229,2012,3,29,16:30,A5,BCD2012901,45.240283,-64.263083,0,High
18935,383091,59.03,71.18,12.57666667,400,31.44166667,2012,3,29,17:30,A5,BCD2012901,45.240283,-64.263083,20,High
18936,383092,55.46,65.76,10.72666667,400,26.81666667,2012,3,29,17:30,A5,BCD2012901,45.240283,-64.263083,10,High
18937,383093,62.03,73.71,12.10666667,390,31.04273504,2012,3,29,17:30,A5,BCD2012901,45.240283,-64.263083,5,High
18938,383094,63.49,76,12.93666667,410,31.55284553,2012,3,29,17:30,A5,BCD2012901,45.240283,-64.263083,0,High
18939,383095,58.69,71.2,12.93666667,470,27.5248227,2012,3,29,18:30,A5,BCD2012901,45.240283,-64.263083,24,High
18941,383096,55.94,66.39,10.87666667,400,27.19166667,2012,3,29,18:30,A5,BCD2012901,45.240283,-64.263083,10,High
18942,383097,66.08,72.28,6.626666667,450,14.72592593,2012,3,29,18:30,A5,BCD2012901,45.240283,-64.263083,5,High
18943,383098,58.68,69.64,11.38666667,445,25.58801498,2012,3,29,18:30,A5,BCD2012901,45.240283,-64.263083,0,High
NA,394023,NA,NA,NA,NA,2.72,2013,6,6,1:42:56,ANC5,Hud2013,45.1885,-65.0756,74.93,High
NA,394025,NA,NA,NA,NA,3.39,2013,6,6,1:47:12,ANC5,Hud2013,45.1885,-65.0756,15.422,High
NA,394027,NA,NA,NA,NA,3.54,2013,6,6,1:49:16,ANC5,Hud2013,45.1885,-65.0756,5.423,High
NA,394029,NA,NA,NA,NA,1.36,2013,6,6,1:51:41,ANC5,Hud2013,45.1885,-65.0756,2.282,High
NA,394033,NA,NA,NA,NA,2.83,2013,6,6,3:46:06,ANC5,Hud2013,45.1876,-65.0788,72.527,High
NA,394035,NA,NA,NA,NA,1.66,2013,6,6,3:49:49,ANC5,Hud2013,45.1876,-65.0788,14.714,High
NA,394037,NA,NA,NA,NA,3.72,2013,6,6,3:51:59,ANC5,Hud2013,45.1876,-65.0788,4.532,High
NA,394039,NA,NA,NA,NA,3.92,2013,6,6,3:56:03,ANC5,Hud2013,45.1876,-65.0788,3.357,High
NA,394043,NA,NA,NA,NA,3.83,2013,6,6,5:22:50,ANC5,Hud2013,45.1847,-65.0841,71.391,High
NA,394045,NA,NA,NA,NA,2.3,2013,6,6,5:26:21,ANC5,Hud2013,45.1847,-65.0841,15.139,High
NA,394047,NA,NA,NA,NA,3.7,2013,6,6,5:29:12,ANC5,Hud2013,45.1847,-65.0841,5.207,High
NA,394049,NA,NA,NA,NA,4.56,2013,6,6,5:31:02,ANC5,Hud2013,45.1847,-65.0841,2.907,High
NA,394053,NA,NA,NA,NA,4.19,2013,6,6,6:39:10,ANC5,Hud2013,45.1861,-65.097,55.104,High
NA,394055,NA,NA,NA,NA,4.24,2013,6,6,6:42:27,ANC5,Hud2013,45.1861,-65.097,15.256,High
NA,394057,NA,NA,NA,NA,4.82,2013,6,6,6:44:53,ANC5,Hud2013,45.1861,-65.097,5.082,High
NA,394060,NA,NA,NA,NA,4.49,2013,6,6,6:46:39,ANC5,Hud2013,45.1861,-65.097,2.491,High
NA,394063,NA,NA,NA,NA,4.75,2013,6,6,23:09:54,ANC3,Hud2013,45.2553,-64.2653,20.973,High
NA,394065,NA,NA,NA,NA,4.8,2013,6,6,23:12:58,ANC3,Hud2013,45.2553,-64.2653,15.289,High
NA,394067,NA,NA,NA,NA,5.01,2013,6,6,23:15:05,ANC3,Hud2013,45.2553,-64.2653,5.082,High
NA,394067,NA,NA,NA,NA,5.15,2013,6,6,23:16:35,ANC3,Hud2013,45.2553,-64.2653,2.666,High
NA,394083,NA,NA,NA,NA,3.89,2013,6,7,0:26:54,ANC3,Hud2013,45.2551,-64.2658,26.9,High
NA,394083,NA,NA,NA,NA,4.38,2013,6,7,0:28:55,ANC3,Hud2013,45.2551,-64.2658,15.381,High
NA,394085,NA,NA,NA,NA,4.63,2013,6,7,0:32:40,ANC3,Hud2013,45.2551,-64.2658,5.373,High
NA,394087,NA,NA,NA,NA,2.74,2013,6,7,0:35:41,ANC3,Hud2013,45.2551,-64.2658,2.632,High
NA,394091,NA,NA,NA,NA,6.71,2013,6,7,1:41:05,ANC3,Hud2013,45.2551,-64.2665,28.608,High
NA,394093,NA,NA,NA,NA,5.49,2013,6,7,1:43:11,ANC3,Hud2013,45.2551,-64.2665,15.855,High
NA,394095,NA,NA,NA,NA,4.88,2013,6,7,1:45:09,ANC3,Hud2013,45.2551,-64.2665,5.656,High
NA,394097,NA,NA,NA,NA,4.17,2013,6,7,1:47:39,ANC3,Hud2013,45.2551,-64.2665,2.524,High
NA,394101,NA,NA,NA,NA,7.41,2013,6,7,3:09:03,ANC3,Hud2013,45.2554,-64.2664,32.377,High
NA,394103,NA,NA,NA,NA,3.98,2013,6,7,3:11:46,ANC3,Hud2013,45.2554,-64.2664,15.147,High
NA,394105,NA,NA,NA,NA,5.27,2013,6,7,3:14:00,ANC3,Hud2013,45.2554,-64.2664,5.057,High
NA,394107,NA,NA,NA,NA,4.58,2013,6,7,3:15:23,ANC3,Hud2013,45.2554,-64.2664,2.032,High
NA,394113,NA,NA,NA,NA,2.99,2013,6,7,4:34:47,ANC3,Hud2013,45.256,-64.2673,31.36,High
NA,394115,NA,NA,NA,NA,5.68,2013,6,7,4:37:09,ANC3,Hud2013,45.256,-64.2673,15.439,High
NA,394117,NA,NA,NA,NA,4.69,2013,6,7,4:39:10,ANC3,Hud2013,45.256,-64.2673,5.223,High
NA,394119,NA,NA,NA,NA,4.71,2013,6,7,4:40:35,ANC3,Hud2013,45.256,-64.2673,2.249,High
NA,394122,NA,NA,NA,NA,5.65,2013,6,7,5:52:33,ANC3,Hud2013,45.2565,-64.2672,28.35,High
NA,394124,NA,NA,NA,NA,4.54,2013,6,7,5:55:36,ANC3,Hud2013,45.2565,-64.2672,15.422,High
NA,394126,NA,NA,NA,NA,3.94,2013,6,7,5:57:20,ANC3,Hud2013,45.2565,-64.2672,5.231,High
NA,394128,NA,NA,NA,NA,5.02,2013,6,7,5:59:13,ANC3,Hud2013,45.2565,-64.2672,2.165,High
NA,394132,NA,NA,NA,NA,6.13,2013,6,7,6:56:47,ANC3,Hud2013,45.2566,-64.2674,25.783,High
NA,394134,NA,NA,NA,NA,6.04,2013,6,7,6:59:34,ANC3,Hud2013,45.2566,-64.2674,15.556,High
NA,394136,NA,NA,NA,NA,5.39,2013,6,7,7:01:42,ANC3,Hud2013,45.2566,-64.2674,5.482,High
NA,394138,NA,NA,NA,NA,8.98,2013,6,7,7:03:40,ANC3,Hud2013,45.2566,-64.2674,2.341,High
NA,394142,NA,NA,NA,NA,4.52,2013,6,7,8:19:53,ANC3,Hud2013,45.2566,-64.2673,20.781,High
NA,394144,NA,NA,NA,NA,4.16,2013,6,7,8:21:05,ANC3,Hud2013,45.2566,-64.2673,15.005,High
NA,394146,NA,NA,NA,NA,4.2,2013,6,7,8:22:38,ANC3,Hud2013,45.2566,-64.2673,5.507,High
NA,394148,NA,NA,NA,NA,4.86,2013,6,7,8:23:59,ANC3,Hud2013,45.2566,-64.2673,2.241,High
NA,394157,NA,NA,NA,NA,6.65,2013,6,7,22:47:08,ANC1,Hud2013,45.3286,-64.213,30.868,High
NA,394159,NA,NA,NA,NA,6.69,2013,6,7,22:49:12,ANC1,Hud2013,45.3286,-64.213,15.414,High
NA,394161,NA,NA,NA,NA,6.01,2013,6,7,22:50:53,ANC1,Hud2013,45.3286,-64.213,5.773,High
NA,394163,NA,NA,NA,NA,5.6,2013,6,7,22:52:11,ANC1,Hud2013,45.3286,-64.213,2.082,High
NA,394168,NA,NA,NA,NA,4.25,2013,6,8,0:10:36,ANC1,Hud2013,45.3275,-64.2102,31.326,High
NA,394170,NA,NA,NA,NA,3.15,2013,6,8,0:11:50,ANC1,Hud2013,45.3275,-64.2102,15.414,High
NA,394172,NA,NA,NA,NA,3.8,2013,6,8,0:14:19,ANC1,Hud2013,45.3275,-64.2102,5.173,High
NA,394174,NA,NA,NA,NA,5.2,2013,6,8,0:16:06,ANC1,Hud2013,45.3275,-64.2102,2.383,High
NA,394178,NA,NA,NA,NA,4.12,2013,6,8,1:31:42,ANC1,Hud2013,45.3282,-64.2085,35.804,High
NA,394180,NA,NA,NA,NA,5.59,2013,6,8,1:33:31,ANC1,Hud2013,45.3282,-64.2085,15.972,High
NA,394182,NA,NA,NA,NA,3.01,2013,6,8,1:34:40,ANC1,Hud2013,45.3282,-64.2085,5.532,High
NA,394184,NA,NA,NA,NA,4.81,2013,6,8,1:35:31,ANC1,Hud2013,45.3282,-64.2085,2.282,High
NA,394190,NA,NA,NA,NA,5.18,2013,6,8,3:33:09,ANC1,Hud2013,45.3282,-64.2086,42.792,High
NA,394190,NA,NA,NA,NA,7.57,2013,6,8,3:34:54,ANC1,Hud2013,45.3282,-64.2086,15.447,High
NA,394192,NA,NA,NA,NA,5.4,2013,6,8,3:36:25,ANC1,Hud2013,45.3282,-64.2086,5.474,High
NA,394194,NA,NA,NA,NA,5.02,2013,6,8,3:37:08,ANC1,Hud2013,45.3282,-64.2086,2.482,High
NA,394198,NA,NA,NA,NA,4.46,2013,6,8,5:00:26,ANC1,Hud2013,45.3282,-64.2108,40.79,High
NA,394200,NA,NA,NA,NA,4.63,2013,6,8,5:02:17,ANC1,Hud2013,45.3282,-64.2108,15.698,High
NA,394202,NA,NA,NA,NA,5.11,2013,6,8,5:03:47,ANC1,Hud2013,45.3282,-64.2108,5.79,High
NA,394204,NA,NA,NA,NA,4.84,2013,6,8,5:04:53,ANC1,Hud2013,45.3282,-64.2108,2.54,High
NA,394209,NA,NA,NA,NA,5.54,2013,6,8,6:14:23,ANC1,Hud2013,45.3282,-64.213,39.957,High
NA,394211,NA,NA,NA,NA,4.5,2013,6,8,6:15:59,ANC1,Hud2013,45.3282,-64.213,15.489,High
NA,394213,NA,NA,NA,NA,5.73,2013,6,8,6:17:10,ANC1,Hud2013,45.3282,-64.213,5.373,High
NA,394215,NA,NA,NA,NA,4.44,2013,6,8,6:18:01,ANC1,Hud2013,45.3282,-64.213,2.124,High
NA,394219,NA,NA,NA,NA,3.19,2013,6,8,7:05:09,ANC1,Hud2013,45.328,-64.2135,35.913,High
NA,394221,NA,NA,NA,NA,2.77,2013,6,8,7:06:47,ANC1,Hud2013,45.328,-64.2135,15.589,High
NA,394223,NA,NA,NA,NA,2.86,2013,6,8,7:08:15,ANC1,Hud2013,45.328,-64.2135,5.782,High
NA,394225,NA,NA,NA,NA,3.55,2013,6,8,7:09:23,ANC1,Hud2013,45.328,-64.2135,1.808,High
NA,394237,NA,NA,NA,NA,4.83,2013,6,8,21:48:01,ANC3,Hud2013,45.2451,-64.2617,18.681,High
NA,394239,NA,NA,NA,NA,5.4,2013,6,8,21:49:06,ANC3,Hud2013,45.2451,-64.2617,15.356,High
NA,394241,NA,NA,NA,NA,5.57,2013,6,8,21:50:14,ANC3,Hud2013,45.2451,-64.2617,5.914,High
NA,394243,NA,NA,NA,NA,4.84,2013,6,8,21:51:08,ANC3,Hud2013,45.2451,-64.2617,1.991,High
NA,394247,NA,NA,NA,NA,5.02,2013,6,8,23:28:29,ANC3,Hud2013,45.2444,-64.2605,17.839,High
NA,394249,NA,NA,NA,NA,9.4,2013,6,8,23:29:26,ANC3,Hud2013,45.2444,-64.2605,15.597,High
NA,394251,NA,NA,NA,NA,4.36,2013,6,8,23:30:41,ANC3,Hud2013,45.2444,-64.2605,5.24,High
NA,394253,NA,NA,NA,NA,5.6,2013,6,8,23:31:40,ANC3,Hud2013,45.2444,-64.2605,2.174,High
NA,394258,NA,NA,NA,NA,4.56,2013,6,9,0:49:39,ANC3,Hud2013,45.2438,-64.2604,18.972,High
NA,394260,NA,NA,NA,NA,4.28,2013,6,9,0:50:53,ANC3,Hud2013,45.2438,-64.2604,15.43,High
NA,394262,NA,NA,NA,NA,4.66,2013,6,9,0:51:56,ANC3,Hud2013,45.2438,-64.2604,5.348,High
NA,394264,NA,NA,NA,NA,5.07,2013,6,9,0:52:47,ANC3,Hud2013,45.2438,-64.2604,2.249,High
NA,394268,NA,NA,NA,NA,2.9,2013,6,9,2:09:26,ANC3,Hud2013,45.2436,-64.2606,22.648,High
NA,394270,NA,NA,NA,NA,3.78,2013,6,9,2:10:23,ANC3,Hud2013,45.2436,-64.2606,15.681,High
NA,394272,NA,NA,NA,NA,3.69,2013,6,9,2:11:23,ANC3,Hud2013,45.2436,-64.2606,5.648,High
NA,394274,NA,NA,NA,NA,5,2013,6,9,2:12:08,ANC3,Hud2013,45.2436,-64.2606,2.299,High
NA,394278,NA,NA,NA,NA,3.84,2013,6,9,3:50:54,ANC3,Hud2013,45.2438,-64.2612,26.766,High
NA,394280,NA,NA,NA,NA,4.06,2013,6,9,3:52:05,ANC3,Hud2013,45.2438,-64.2612,15.131,High
NA,394282,NA,NA,NA,NA,5.1,2013,6,9,3:52:59,ANC3,Hud2013,45.2438,-64.2612,5.723,High
NA,394284,NA,NA,NA,NA,4,2013,6,9,3:53:43,ANC3,Hud2013,45.2438,-64.2612,2.182,High
NA,394284,NA,NA,NA,NA,5.27,2013,6,9,3:53:43,ANC3,Hud2013,45.2438,-64.2612,2.182,High
NA,394290,NA,NA,NA,NA,3.1,2013,6,9,5:36:05,ANC3,Hud2013,45.2445,-64.2618,15.273,High
NA,394292,NA,NA,NA,NA,5.36,2013,6,9,5:37:08,ANC3,Hud2013,45.2445,-64.2618,5.524,High
NA,394294,NA,NA,NA,NA,4.66,2013,6,9,5:37:53,ANC3,Hud2013,45.2445,-64.2618,2.383,High
NA,394299,NA,NA,NA,NA,3.97,2013,6,9,6:53:56,ANC3,Hud2013,45.2449,-64.262,25.891,High
NA,394301,NA,NA,NA,NA,4.6,2013,6,9,6:55:07,ANC3,Hud2013,45.2449,-64.262,15.455,High
NA,394303,NA,NA,NA,NA,4.34,2013,6,9,6:56:09,ANC3,Hud2013,45.2449,-64.262,5.474,High
NA,394305,NA,NA,NA,NA,3.09,2013,6,9,6:57:15,ANC3,Hud2013,45.2449,-64.262,1.758,High
NA,394309,NA,NA,NA,NA,4.11,2013,6,9,7:49:41,ANC3,Hud2013,45.245,-64.2619,22.882,High
NA,394311,NA,NA,NA,NA,4.76,2013,6,9,7:50:59,ANC3,Hud2013,45.245,-64.2619,15.739,High
NA,394313,NA,NA,NA,NA,2.94,2013,6,9,7:52:29,ANC3,Hud2013,45.245,-64.2619,5.54,High
NA,394326,NA,NA,NA,NA,159.2,2013,6,10,0:09:11,ANC4,Hud2013,45.34,-63.7936,17.648,High
NA,394328,NA,NA,NA,NA,261,2013,6,10,0:09:59,ANC4,Hud2013,45.34,-63.7936,15.289,High
NA,394330,NA,NA,NA,NA,117.4,2013,6,10,0:11:03,ANC4,Hud2013,45.34,-63.7936,5.524,High
NA,394332,NA,NA,NA,NA,63,2013,6,10,0:11:51,ANC4,Hud2013,45.34,-63.7936,2.174,High
NA,394336,NA,NA,NA,NA,51.7,2013,6,10,1:30:31,ANC4,Hud2013,45.3409,-63.792,17.548,High
NA,394338,NA,NA,NA,NA,49.4,2013,6,10,1:31:18,ANC4,Hud2013,45.3409,-63.792,15.131,High
NA,394340,NA,NA,NA,NA,55.7,2013,6,10,1:32:11,ANC4,Hud2013,45.3409,-63.792,6.065,High
NA,394342,NA,NA,NA,NA,32.1,2013,6,10,1:33:12,ANC4,Hud2013,45.3409,-63.792,1.882,High
NA,394346,NA,NA,NA,NA,143,2013,6,10,2:21:10,ANC4,Hud2013,45.3412,-63.7917,19.114,High
NA,394348,NA,NA,NA,NA,158.4,2013,6,10,2:22:25,ANC4,Hud2013,45.3412,-63.7917,15.656,High
NA,394350,NA,NA,NA,NA,131.2,2013,6,10,2:23:54,ANC4,Hud2013,45.3412,-63.7917,5.457,High
NA,394352,NA,NA,NA,NA,102.8,2013,6,10,2:24:53,ANC4,Hud2013,45.3412,-63.7917,1.832,High
NA,394356,NA,NA,NA,NA,57,2013,6,10,3:18:53,ANC4,Hud2013,45.3412,-63.7916,22.449,High
NA,394358,NA,NA,NA,NA,52.7,2013,6,10,3:19:47,ANC4,Hud2013,45.3412,-63.7916,15.43,High
NA,394360,NA,NA,NA,NA,52.3,2013,6,10,3:21:13,ANC4,Hud2013,45.3412,-63.7916,5.948,High
NA,394362,NA,NA,NA,NA,47.5,2013,6,10,3:22:06,ANC4,Hud2013,45.3412,-63.7916,1.941,High
NA,394364,NA,NA,NA,NA,14.18,2013,6,10,4:40:51,ANC4,Hud2013,45.3412,-63.7914,25.424,High
NA,394366,NA,NA,NA,NA,19.42,2013,6,10,4:41:59,ANC4,Hud2013,45.3412,-63.7914,15.706,High
NA,394368,NA,NA,NA,NA,14.46,2013,6,10,4:43:00,ANC4,Hud2013,45.3412,-63.7914,5.665,High
NA,394370,NA,NA,NA,NA,15.7,2013,6,10,4:43:54,ANC4,Hud2013,45.3412,-63.7914,2.491,High
NA,394372,NA,NA,NA,NA,20.36,2013,6,10,6:15:20,ANC4,Hud2013,45.3406,-63.7921,26.733,High
NA,394374,NA,NA,NA,NA,21.26,2013,6,10,6:16:32,ANC4,Hud2013,45.3406,-63.7921,15.464,High
NA,394376,NA,NA,NA,NA,18.52,2013,6,10,6:17:37,ANC4,Hud2013,45.3406,-63.7921,5.307,High
NA,394378,NA,NA,NA,NA,17.02,2013,6,10,6:18:31,ANC4,Hud2013,45.3406,-63.7921,2.399,High
NA,394383,NA,NA,NA,NA,20.7,2013,6,10,7:23:21,ANC4,Hud2013,45.3402,-63.7936,26.624,High
NA,394385,NA,NA,NA,NA,17.42,2013,6,10,7:24:36,ANC4,Hud2013,45.3402,-63.7936,15.03,High
NA,394387,NA,NA,NA,NA,13.5,2013,6,10,7:25:39,ANC4,Hud2013,45.3402,-63.7936,5.773,High
NA,394389,NA,NA,NA,NA,13.12,2013,6,10,7:26:30,ANC4,Hud2013,45.3402,-63.7936,2.391,High
NA,394393,NA,NA,NA,NA,13.45,2013,6,10,21:20:35,ANC2,Hud2013,45.3179,-64.013,26.183,High
NA,394395,NA,NA,NA,NA,23.72,2013,6,10,21:21:57,ANC2,Hud2013,45.3179,-64.013,15.706,High
NA,394399,NA,NA,NA,NA,13.44,2013,6,10,21:24:11,ANC2,Hud2013,45.3179,-64.013,1.824,High
NA,394403,NA,NA,NA,NA,15.14,2013,6,10,22:25:42,ANC2,Hud2013,45.318,-64.013,23.081,High
NA,394405,NA,NA,NA,NA,16.02,2013,6,10,22:25:42,ANC2,Hud2013,45.318,-64.013,23.081,High
NA,394407,NA,NA,NA,NA,14.36,2013,6,10,22:27:51,ANC2,Hud2013,45.318,-64.013,5.782,High
NA,394409,NA,NA,NA,NA,13.52,2013,6,10,22:28:35,ANC2,Hud2013,45.318,-64.013,2.399,High
NA,394427,NA,NA,NA,NA,30.44,2013,6,10,23:43:01,ANC2,Hud2013,45.3179,-64.013,21.623,High
NA,394429,NA,NA,NA,NA,29.08,2013,6,10,23:44:02,ANC2,Hud2013,45.3179,-64.013,15.281,High
NA,394431,NA,NA,NA,NA,27.56,2013,6,10,23:44:56,ANC2,Hud2013,45.3179,-64.013,5.365,High
NA,394433,NA,NA,NA,NA,24.92,2013,6,10,23:45:36,ANC2,Hud2013,45.3179,-64.013,2.099,High
NA,394437,NA,NA,NA,NA,34.2,2013,6,11,1:32:19,ANC2,Hud2013,45.3179,-64.011,22.648,High
NA,394437,NA,NA,NA,NA,25.36,2013,6,11,1:33:19,ANC2,Hud2013,45.3179,-64.011,15.447,High
NA,394448,NA,NA,NA,NA,20.02,2013,6,11,2:59:43,ANC2,Hud2013,45.3179,-64.0992,26.892,High
NA,394450,NA,NA,NA,NA,19.16,2013,6,11,3:00:55,ANC2,Hud2013,45.3179,-64.0992,15.422,High
NA,394452,NA,NA,NA,NA,19.1,2013,6,11,3:01:56,ANC2,Hud2013,45.3179,-64.0992,5.798,High
NA,394454,NA,NA,NA,NA,21.82,2013,6,11,3:02:37,ANC2,Hud2013,45.3179,-64.0992,2.216,High
NA,394458,NA,NA,NA,NA,6.56,2013,6,11,4:41:45,ANC2,Hud2013,45.3177,-64.01,30.601,High
NA,394460,NA,NA,NA,NA,6.37,2013,6,11,4:43:05,ANC2,Hud2013,45.3177,-64.01,15.739,High
NA,394462,NA,NA,NA,NA,8.68,2013,6,11,4:44:17,ANC2,Hud2013,45.3177,-64.01,5.382,High
NA,394464,NA,NA,NA,NA,8.82,2013,6,11,4:45:03,ANC2,Hud2013,45.3177,-64.01,2.232,High
NA,394468,NA,NA,NA,NA,42.64,2013,6,11,6:25:57,ANC2,Hud2013,45.3175,-64.0108,33.703,High
NA,394468,NA,NA,NA,NA,6.02,2013,6,11,6:25:58,ANC2,Hud2013,45.3175,-64.0108,33.686,High
NA,394470,NA,NA,NA,NA,6.98,2013,6,11,6:27:28,ANC2,Hud2013,45.3175,-64.0108,15.322,High
NA,394472,NA,NA,NA,NA,5.28,2013,6,11,6:28:36,ANC2,Hud2013,45.3175,-64.0108,5.732,High
NA,394474,NA,NA,NA,NA,4.76,2013,6,11,6:29:28,ANC2,Hud2013,45.3175,-64.0108,2.641,High
NA,394477,NA,NA,NA,NA,5.43,2013,6,11,7:38:57,ANC2,Hud2013,45.3177,-64.0122,31.585,High
NA,394479,NA,NA,NA,NA,6.44,2013,6,11,7:40:10,ANC2,Hud2013,45.3177,-64.0122,15.539,High
NA,394481,NA,NA,NA,NA,5.71,2013,6,11,7:41:37,ANC2,Hud2013,45.3177,-64.0122,5.757,High
NA,394483,NA,NA,NA,NA,3.91,2013,6,11,7:42:34,ANC2,Hud2013,45.3177,-64.0122,2.174,High
NA,394493,NA,NA,NA,NA,61.52,2013,6,11,21:43:25,ANC4,Hud2013,45.3421,-63.7881,22.057,High
NA,394495,NA,NA,NA,NA,69.4,2013,6,11,21:44:24,ANC4,Hud2013,45.3421,-63.7881,15.281,High
NA,394499,NA,NA,NA,NA,31.4,2013,6,11,21:46:36,ANC4,Hud2013,45.3421,-63.7881,2.016,High
NA,394503,NA,NA,NA,NA,138.4,2013,6,11,22:48:22,ANC4,Hud2013,45.3421,-63.7881,18.831,High
NA,394505,NA,NA,NA,NA,143.9,2013,6,11,22:49:25,ANC4,Hud2013,45.3421,-63.7881,15.264,High
NA,394507,NA,NA,NA,NA,85.9,2013,6,11,22:50:34,ANC4,Hud2013,45.3421,-63.7881,5.165,High
NA,394509,NA,NA,NA,NA,73.2,2013,6,11,22:51:25,ANC4,Hud2013,45.3421,-63.7881,2.166,High
NA,394511,NA,NA,NA,NA,157.9,2013,6,11,23:46:44,ANC4,Hud2013,45.3421,-63.7881,16.098,High
NA,394513,NA,NA,NA,NA,127.4,2013,6,11,23:47:45,ANC4,Hud2013,45.3421,-63.7881,10.414,High
NA,394515,NA,NA,NA,NA,105.8,2013,6,11,23:48:50,ANC4,Hud2013,45.3421,-63.7881,5.198,High
NA,394517,NA,NA,NA,NA,76.6,2013,6,11,23:49:40,ANC4,Hud2013,45.3421,-63.7881,1.958,High
NA,394519,NA,NA,NA,NA,254.2,2013,6,12,1:27:26,ANC4,Hud2013,45.3421,-63.7879,15.43,High
NA,394521,NA,NA,NA,NA,146.4,2013,6,12,1:28:23,ANC4,Hud2013,45.3421,-63.7879,10.297,High
NA,394523,NA,NA,NA,NA,115.4,2013,6,12,1:29:05,ANC4,Hud2013,45.3421,-63.7879,5.307,High
NA,394530,NA,NA,NA,NA,83.4,2013,6,12,2:45:28,ANC4,Hud2013,45.3429,-63.7855,16.531,High
NA,394532,NA,NA,NA,NA,81.5,2013,6,12,2:46:46,ANC4,Hud2013,45.3429,-63.7855,15.005,High
NA,394534,NA,NA,NA,NA,90.5,2013,6,12,2:48:01,ANC4,Hud2013,45.3429,-63.7855,5.782,High
NA,394536,NA,NA,NA,NA,46.4,2013,6,12,2:49:14,ANC4,Hud2013,45.3429,-63.7855,3.541,High
NA,394538,NA,NA,NA,NA,45.8,2013,6,12,2:50:03,ANC4,Hud2013,45.3429,-63.7855,1.799,High
NA,394540,NA,NA,NA,NA,118.4,2013,6,12,3:51:16,ANC4,Hud2013,45.3428,-63.7844,19.939,High
NA,394542,NA,NA,NA,NA,111.2,2013,6,12,3:52:02,ANC4,Hud2013,45.3428,-63.7844,15.797,High
NA,394544,NA,NA,NA,NA,82.5,2013,6,12,3:53:09,ANC4,Hud2013,45.3428,-63.7844,5.807,High
NA,394546,NA,NA,NA,NA,64.6,2013,6,12,3:53:54,ANC4,Hud2013,45.3428,-63.7844,1.974,High
NA,394548,NA,NA,NA,NA,25.28,2013,6,12,4:55:25,ANC4,Hud2013,45.3429,-63.7845,22.782,High
NA,394550,NA,NA,NA,NA,23.72,2013,6,12,4:56:27,ANC4,Hud2013,45.3429,-63.7845,15.497,High
NA,394552,NA,NA,NA,NA,22.24,2013,6,12,4:57:38,ANC4,Hud2013,45.3429,-63.7845,5.248,High
NA,394554,NA,NA,NA,NA,20.64,2013,6,12,4:58:26,ANC4,Hud2013,45.3429,-63.7845,1.866,High
NA,394556,NA,NA,NA,NA,17.44,2013,6,12,6:25:26,ANC4,Hud2013,45.3421,-63.7844,26.883,High
NA,394558,NA,NA,NA,NA,16.28,2013,6,12,6:26:33,ANC4,Hud2013,45.3421,-63.7844,15.172,High
NA,394560,NA,NA,NA,NA,16.56,2013,6,12,6:27:30,ANC4,Hud2013,45.3421,-63.7844,5.423,High
NA,394562,NA,NA,NA,NA,16.04,2013,6,12,6:28:17,ANC4,Hud2013,45.3421,-63.7844,2.657,High
NA,394566,NA,NA,NA,NA,16.36,2013,6,12,7:40:37,ANC4,Hud2013,45.3421,-63.7879,26.466,High
NA,394568,NA,NA,NA,NA,17.12,2013,6,12,7:41:36,ANC4,Hud2013,45.3421,-63.7879,15.43,High
NA,394570,NA,NA,NA,NA,15.54,2013,6,12,7:42:52,ANC4,Hud2013,45.3421,-63.7879,5.524,High
NA,394572,NA,NA,NA,NA,13.32,2013,6,12,7:43:39,ANC4,Hud2013,45.3421,-63.7879,2.291,High
NA,394585,NA,NA,NA,NA,4.14,2013,6,12,21:33:23,ANC1,Hud2013,45.3284,-64.2153,40.657,High
NA,394587,NA,NA,NA,NA,2.65,2013,6,12,21:34:55,ANC1,Hud2013,45.3284,-64.2153,15.281,High
NA,394589,NA,NA,NA,NA,3.01,2013,6,12,21:36:04,ANC1,Hud2013,45.3284,-64.2153,5.39,High
NA,394591,NA,NA,NA,NA,4.04,2013,6,12,21:36:55,ANC1,Hud2013,45.3284,-64.2153,1.766,High
NA,394593,NA,NA,NA,NA,4.71,2013,6,12,22:53:03,ANC1,Hud2013,45.3283,-64.2154,37.055,High
NA,394595,NA,NA,NA,NA,4.17,2013,6,12,22:54:13,ANC1,Hud2013,45.3283,-64.2154,15.281,High
NA,394597,NA,NA,NA,NA,3.8,2013,6,12,22:55:18,ANC1,Hud2013,45.3283,-64.2154,5.382,High
NA,394599,NA,NA,NA,NA,2.81,2013,6,12,22:56:03,ANC1,Hud2013,45.3283,-64.2154,2.224,High
NA,394601,NA,NA,NA,NA,4.04,2013,6,12,23:57:34,ANC1,Hud2013,45.3284,-64.2153,34.753,High
NA,394603,NA,NA,NA,NA,6.16,2013,6,12,23:58:54,ANC1,Hud2013,45.3284,-64.2153,15.356,High
NA,394605,NA,NA,NA,NA,4.06,2013,6,12,23:59:54,ANC1,Hud2013,45.3284,-64.2153,5.64,High
NA,394607,NA,NA,NA,NA,5.57,2013,6,13,0:00:38,ANC1,Hud2013,45.3284,-64.2153,1.899,High
NA,394609,NA,NA,NA,NA,7.05,2013,6,13,1:25:33,ANC1,Hud2013,45.3281,-64.2152,32.877,High
NA,394611,NA,NA,NA,NA,5.56,2013,6,13,1:26:46,ANC1,Hud2013,45.3281,-64.2152,15.281,High
NA,394613,NA,NA,NA,NA,6.47,2013,6,13,1:27:37,ANC1,Hud2013,45.3281,-64.2152,5.365,High
NA,394615,NA,NA,NA,NA,6.56,2013,6,13,1:28:14,ANC1,Hud2013,45.3281,-64.2152,2.499,High
NA,394619,NA,NA,NA,NA,5.58,2013,6,13,2:50:01,ANC1,Hud2013,45.328,-64.2133,34.011,High
NA,394621,NA,NA,NA,NA,4.76,2013,6,13,2:51:24,ANC1,Hud2013,45.328,-64.2133,15.564,High
NA,394623,NA,NA,NA,NA,5.5,2013,6,13,2:52:39,ANC1,Hud2013,45.328,-64.2133,5.432,High
NA,394625,NA,NA,NA,NA,5.78,2013,6,13,2:53:18,ANC1,Hud2013,45.328,-64.2133,2.749,High
NA,394630,NA,NA,NA,NA,4.99,2013,6,13,4:15:20,ANC1,Hud2013,45.3284,-64.211,39.664,High
NA,394632,NA,NA,NA,NA,3.53,2013,6,13,4:16:48,ANC1,Hud2013,45.3284,-64.211,16.422,High
NA,394634,NA,NA,NA,NA,3.97,2013,6,13,4:17:39,ANC1,Hud2013,45.3284,-64.211,5.565,High
NA,394636,NA,NA,NA,NA,3.93,2013,6,13,4:18:16,ANC1,Hud2013,45.3284,-64.211,1.807,High
NA,394638,NA,NA,NA,NA,3.85,2013,6,13,5:23:15,ANC1,Hud2013,45.3285,-64.211,42.909,High
NA,394640,NA,NA,NA,NA,3.69,2013,6,13,5:24:41,ANC1,Hud2013,45.3285,-64.211,16.123,High
NA,394642,NA,NA,NA,NA,2.99,2013,6,13,5:25:47,ANC1,Hud2013,45.3285,-64.211,5.524,High
NA,394644,NA,NA,NA,NA,3.62,2013,6,13,5:26:32,ANC1,Hud2013,45.3285,-64.211,2.499,High
NA,394646,NA,NA,NA,NA,3.37,2013,6,13,6:28:03,ANC1,Hud2013,45.3284,-64.2111,44.777,High
NA,394648,NA,NA,NA,NA,3.1,2013,6,13,6:29:36,ANC1,Hud2013,45.3284,-64.2111,15.572,High
NA,394650,NA,NA,NA,NA,5.01,2013,6,13,6:30:31,ANC1,Hud2013,45.3284,-64.2111,5.382,High
NA,394652,NA,NA,NA,NA,2.73,2013,6,13,6:31:13,ANC1,Hud2013,45.3284,-64.2111,2.515,High
NA,394654,NA,NA,NA,NA,2.91,2013,6,13,8:01:54,ANC1,Hud2013,45.3277,-64.2124,41.116,High
NA,394656,NA,NA,NA,NA,3.04,2013,6,13,8:03:14,ANC1,Hud2013,45.3277,-64.2124,15.389,High
NA,394658,NA,NA,NA,NA,3.53,2013,6,13,8:04:10,ANC1,Hud2013,45.3277,-64.2124,5.64,High
NA,394660,NA,NA,NA,NA,3.5,2013,6,13,8:04:55,ANC1,Hud2013,45.3277,-64.2124,2.474,High
NA,394668,NA,NA,NA,NA,2.725384615,2013,6,13,21:43:54,SC4,Hud2013,45.2443,-64.7993,51.842,High
NA,394670,NA,NA,NA,NA,2.455384615,2013,6,13,21:45:34,SC4,Hud2013,45.2443,-64.7993,16.255,High
NA,394672,NA,NA,NA,NA,2.895384615,2013,6,13,21:46:44,SC4,Hud2013,45.2443,-64.7993,5.923,High
NA,394674,NA,NA,NA,NA,1.665384615,2013,6,13,21:47:50,SC4,Hud2013,45.2443,-64.7993,1.783,High
NA,394676,NA,NA,NA,NA,5.755384615,2013,6,13,22:56:01,SC4,Hud2013,45.2445,-64.7994,50.307,High
NA,394678,NA,NA,NA,NA,3.615384615,2013,6,13,22:58:17,SC4,Hud2013,45.2445,-64.7994,16.239,High
NA,394680,NA,NA,NA,NA,2.205384615,2013,6,13,22:59:09,SC4,Hud2013,45.2445,-64.7994,5.615,High
NA,394682,NA,NA,NA,NA,3.985384615,2013,6,13,22:59:54,SC4,Hud2013,45.2445,-64.7994,1.841,High
NA,394684,NA,NA,NA,NA,3.095384615,2013,6,13,23:57:29,SC4,Hud2013,45.2445,-64.7994,48.522,High
NA,394686,NA,NA,NA,NA,4.005384615,2013,6,13,23:59:13,SC4,Hud2013,45.2445,-64.7994,15.847,High
NA,394688,NA,NA,NA,NA,3.195384615,2013,6,14,0:00:19,SC4,Hud2013,45.2445,-64.7994,5.656,High
NA,394690,NA,NA,NA,NA,2.675384615,2013,6,14,0:01:12,SC4,Hud2013,45.2445,-64.7994,2.666,High
NA,394692,NA,NA,NA,NA,3.505384615,2013,6,14,1:16:09,SC4,Hud2013,45.2444,-64.7992,47.512,High
NA,394694,NA,NA,NA,NA,2.365384615,2013,6,14,1:17:37,SC4,Hud2013,45.2444,-64.7992,15.564,High
NA,394696,NA,NA,NA,NA,2.045384615,2013,6,14,1:18:33,SC4,Hud2013,45.2444,-64.7992,5.515,High
NA,394698,NA,NA,NA,NA,2.265384615,2013,6,14,1:19:24,SC4,Hud2013,45.2444,-64.7992,2.59,High
NA,394703,NA,NA,NA,NA,3.975384615,2013,6,14,2:28:45,SC4,Hud2013,45.2447,-64.7978,48.981,High
NA,394705,NA,NA,NA,NA,2.875384615,2013,6,14,2:30:32,SC4,Hud2013,45.2447,-64.7978,15.273,High
NA,394707,NA,NA,NA,NA,3.225384615,2013,6,14,2:31:21,SC4,Hud2013,45.2447,-64.7978,5.157,High
NA,394709,NA,NA,NA,NA,5.825384615,2013,6,14,2:32:00,SC4,Hud2013,45.2447,-64.7978,2.408,High
NA,394713,NA,NA,NA,NA,2.245384615,2013,6,14,4:00:13,SC4,Hud2013,45.2447,-64.7978,53.26,High
NA,394715,NA,NA,NA,NA,2.265384615,2013,6,14,4:01:48,SC4,Hud2013,45.2447,-64.7978,16.372,High
NA,394717,NA,NA,NA,NA,4.065384615,2013,6,14,4:02:48,SC4,Hud2013,45.2447,-64.7978,5.281,High
NA,394719,NA,NA,NA,NA,3.945384615,2013,6,14,4:03:33,SC4,Hud2013,45.2447,-64.7978,2.199,High
NA,394721,NA,NA,NA,NA,5.495384615,2013,6,14,5:06:50,SC4,Hud2013,45.2453,-64.7948,54.886,High
NA,394723,NA,NA,NA,NA,2.345384615,2013,6,14,5:08:38,SC4,Hud2013,45.2453,-64.7948,16.222,High
NA,394725,NA,NA,NA,NA,3.055384615,2013,6,14,5:09:38,SC4,Hud2013,45.2453,-64.7948,5.69,High
NA,394727,NA,NA,NA,NA,2.675384615,2013,6,14,5:10:22,SC4,Hud2013,45.2453,-64.7948,2.224,High
NA,394729,NA,NA,NA,NA,3.115384615,2013,6,14,6:12:58,SC4,Hud2013,45.2452,-64.7948,56.488,High
NA,394731,NA,NA,NA,NA,4.125384615,2013,6,14,6:14:46,SC4,Hud2013,45.2452,-64.7948,15.822,High
NA,394733,NA,NA,NA,NA,2.065384615,2013,6,14,6:15:46,SC4,Hud2013,45.2452,-64.7948,5.482,High
NA,394735,NA,NA,NA,NA,2.905384615,2013,6,14,6:16:30,SC4,Hud2013,45.2452,-64.7948,2.758,High
NA,394737,NA,NA,NA,NA,1.995384615,2013,6,14,8:20:01,SC4,Hud2013,45.2447,-64.7962,55.537,High
NA,394739,NA,NA,NA,NA,2.345384615,2013,6,14,8:21:42,SC4,Hud2013,45.2447,-64.7962,15.231,High
NA,394741,NA,NA,NA,NA,2.765384615,2013,6,14,8:22:54,SC4,Hud2013,45.2447,-64.7962,5.398,High
NA,394743,NA,NA,NA,NA,2.975384615,2013,6,14,8:23:31,SC4,Hud2013,45.2447,-64.7962,2.441,High
NA,393251,NA,NA,NA,NA,16.4,2014,3,19,0:31:31,ANC3,Dom2014,45.255,-64.2636,22.04,High
NA,393252,NA,NA,NA,NA,22.59259259,2014,3,19,0:32:02,ANC3,Dom2014,45.255,-64.2636,14.71,High
NA,393253,NA,NA,NA,NA,23.9516129,2014,3,19,0:32:32,ANC3,Dom2014,45.255,-64.2636,4.76,High
NA,393254,NA,NA,NA,NA,21.33333333,2014,3,19,0:32:46,ANC3,Dom2014,45.255,-64.2636,0.87,High
NA,393257,NA,NA,NA,NA,11.97247706,2014,3,19,2:46:11,ANC3,Dom2014,45.255,-64.2637,25.77,High
NA,393258,NA,NA,NA,NA,15.38043478,2014,3,19,2:46:33,ANC3,Dom2014,45.255,-64.2637,14.65,High
NA,393259,NA,NA,NA,NA,12.17821782,2014,3,19,2:46:56,ANC3,Dom2014,45.255,-64.2637,6.27,High
NA,393260,NA,NA,NA,NA,12.02380952,2014,3,19,2:47:14,ANC3,Dom2014,45.255,-64.2637,0.75,High
NA,393263,NA,NA,NA,NA,12.12,2014,3,19,4:43:05,ANC3,Dom2014,45.2548,-64.264,21.91,High
NA,393264,NA,NA,NA,NA,33.02419355,2014,3,19,4:43:19,ANC3,Dom2014,45.2548,-64.264,14.66,High
NA,393265,NA,NA,NA,NA,11.28,2014,3,19,4:43:47,ANC3,Dom2014,45.2548,-64.264,4.67,High
NA,393266,NA,NA,NA,NA,11.04,2014,3,19,4:43:58,ANC3,Dom2014,45.2548,-64.264,0.81,High
NA,393269,NA,NA,NA,NA,11.76,2014,3,19,6:38:01,ANC3,Dom2014,45.2558,-64.2651,32.27,High
NA,393270,NA,NA,NA,NA,10.32,2014,3,19,6:38:28,ANC3,Dom2014,45.2558,-64.2651,16.53,High
NA,393271,NA,NA,NA,NA,11.2,2014,3,19,6:38:45,ANC3,Dom2014,45.2558,-64.2651,6.52,High
NA,393272,NA,NA,NA,NA,11.4,2014,3,19,6:38:57,ANC3,Dom2014,45.2558,-64.2651,0.49,High
NA,393275,NA,NA,NA,NA,14.04,2014,3,19,8:35:10,ANC3,Dom2014,45.2559,-64.2651,28.98,High
NA,393276,NA,NA,NA,NA,11.88,2014,3,19,8:36:06,ANC3,Dom2014,45.2559,-64.2651,15.38,High
NA,393277,NA,NA,NA,NA,23.12,2014,3,19,8:36:25,ANC3,Dom2014,45.2559,-64.2651,5.16,High
NA,393278,NA,NA,NA,NA,9.08,2014,3,19,8:36:31,ANC3,Dom2014,45.2559,-64.2651,0.46,High
NA,393285,NA,NA,NA,NA,24.8989899,2014,3,19,10:53:58,ANC3,Dom2014,45.2565,-64.2649,22.11,High
NA,393286,NA,NA,NA,NA,17.77777778,2014,3,19,10:54:22,ANC3,Dom2014,45.2565,-64.2649,14.57,High
NA,393287,NA,NA,NA,NA,41.70588235,2014,3,19,10:54:46,ANC3,Dom2014,45.2565,-64.2649,4.56,High
NA,393288,NA,NA,NA,NA,14.84042553,2014,3,19,10:54:54,ANC3,Dom2014,45.2565,-64.2649,0.65,High
NA,393291,NA,NA,NA,NA,19.30851064,2014,3,19,12:49:08,ANC3,Dom2014,45.256,-64.2644,21.83,High
NA,393292,NA,NA,NA,NA,15.41666667,2014,3,19,12:50:08,ANC3,Dom2014,45.256,-64.2644,15.35,High
NA,393293,NA,NA,NA,NA,37.15116279,2014,3,19,12:50:49,ANC3,Dom2014,45.256,-64.2644,5.29,High
NA,393294,NA,NA,NA,NA,41.77514793,2014,3,19,12:51:09,ANC3,Dom2014,45.256,-64.2644,0.82,High
NA,393297,NA,NA,NA,NA,12.63736264,2014,3,19,14:55:32,ANC3,Dom2014,45.2549,-64.2639,25.81,High
NA,393298,NA,NA,NA,NA,10.28089888,2014,3,19,14:56:32,ANC3,Dom2014,45.2549,-64.2639,15.17,High
NA,393299,NA,NA,NA,NA,24.94680851,2014,3,19,14:57:06,ANC3,Dom2014,45.2549,-64.2639,5.09,High
NA,393300,NA,NA,NA,NA,34.77272727,2014,3,19,14:57:21,ANC3,Dom2014,45.2549,-64.2639,0.78,High
NA,393301,NA,NA,NA,NA,81.92307692,2014,3,19,18:59:47,ANC4,Dom2014,45.3403,-63.7922,25.68,High
NA,393302,NA,NA,NA,NA,77.07317073,2014,3,19,19:00:11,ANC4,Dom2014,45.3403,-63.7922,15,High
NA,393303,NA,NA,NA,NA,52.52631579,2014,3,19,19:00:37,ANC4,Dom2014,45.3403,-63.7922,5,High
NA,393304,NA,NA,NA,NA,81.73469388,2014,3,19,19:00:55,ANC4,Dom2014,45.3403,-63.7922,1,High
NA,393307,NA,NA,NA,NA,81.73469388,2014,3,19,21:14:43,ANC4,Dom2014,45.3403,-63.7922,23.06,High
NA,393308,NA,NA,NA,NA,78.97959184,2014,3,19,21:15:08,ANC4,Dom2014,45.3403,-63.7959,14.28,High
NA,393309,NA,NA,NA,NA,75.63829787,2014,3,19,21:15:39,ANC4,Dom2014,45.3403,-63.7959,4.3,High
NA,393310,NA,NA,NA,NA,62.39583333,2014,3,19,21:15:50,ANC4,Dom2014,45.3403,-63.7959,0.69,High
NA,393313,NA,NA,NA,NA,158.4,2014,3,19,23:07:52,ANC4,Dom2014,45.3402,-63.7962,17.62,High
NA,393314,NA,NA,NA,NA,140.1,2014,3,19,23:08:04,ANC4,Dom2014,45.3402,-63.7962,14.69,High
NA,393315,NA,NA,NA,NA,152.3,2014,3,19,23:08:48,ANC4,Dom2014,45.3402,-63.7962,4.63,High
NA,393316,NA,NA,NA,NA,145.5,2014,3,19,23:09:05,ANC4,Dom2014,45.3402,-63.7962,0.82,High
NA,393319,NA,NA,NA,NA,204,2014,3,20,1:44:52,ANC4,Dom2014,45.34,-63.7949,15.17,High
NA,393320,NA,NA,NA,NA,196.6,2014,3,20,1:44:53,ANC4,Dom2014,45.34,-63.7949,15.07,High
NA,393321,NA,NA,NA,NA,183.9,2014,3,20,1:45:34,ANC4,Dom2014,45.34,-63.7949,4.97,High
NA,393322,NA,NA,NA,NA,142.8,2014,3,20,1:45:48,ANC4,Dom2014,45.34,-63.7949,0.75,High
NA,393325,NA,NA,NA,NA,149.4,2014,3,20,3:28:32,ANC4,Dom2014,45.34,-63.7915,18.86,High
NA,393326,NA,NA,NA,NA,151.6,2014,3,20,3:28:52,ANC4,Dom2014,45.34,-63.7915,13.58,High
NA,393327,NA,NA,NA,NA,141.9,2014,3,20,3:29:17,ANC4,Dom2014,45.34,-63.7915,3.89,High
NA,393328,NA,NA,NA,NA,149.2,2014,3,20,3:29:28,ANC4,Dom2014,45.34,-63.7915,0.71,High
NA,393331,NA,NA,NA,NA,63.2,2014,3,20,5:40:22,ANC4,Dom2014,45.3409,-63.7919,24.69,High
NA,393332,NA,NA,NA,NA,59.1,2014,3,20,5:41:20,ANC4,Dom2014,45.3409,-63.7919,14.2,High
NA,393333,NA,NA,NA,NA,49.2,2014,3,20,5:41:47,ANC4,Dom2014,45.3409,-63.7919,4.11,High
NA,393334,NA,NA,NA,NA,57.4,2014,3,20,5:41:57,ANC4,Dom2014,45.3409,-63.7919,0.7,High
NA,393337,NA,NA,NA,NA,65.8,2014,3,20,7:19:31,ANC4,Dom2014,45.3409,-63.7932,26.61,High
NA,393338,NA,NA,NA,NA,65.9,2014,3,20,7:19:59,ANC4,Dom2014,45.3409,-63.7932,15.34,High
NA,393339,NA,NA,NA,NA,65.9,2014,3,20,7:20:26,ANC4,Dom2014,45.3409,-63.7932,5.4,High
NA,393340,NA,NA,NA,NA,55.2,2014,3,20,7:20:37,ANC4,Dom2014,45.3409,-63.7932,0.66,High
NA,393343,NA,NA,NA,NA,50.86206897,2014,3,20,9:13:26,ANC4,Dom2014,45.3399,-63.7965,25.13,High
NA,393344,NA,NA,NA,NA,51.63636364,2014,3,20,9:14:06,ANC4,Dom2014,45.3399,-63.7965,14.74,High
NA,393345,NA,NA,NA,NA,42.96296296,2014,3,20,9:14:24,ANC4,Dom2014,45.3399,-63.7965,4.3,High
NA,393349,NA,NA,NA,NA,20.63829787,2014,3,20,13:03:09,ANC3,Dom2014,45.2579,-64.2681,21.91,High
NA,393350,NA,NA,NA,NA,19.92647059,2014,3,20,13:03:32,ANC3,Dom2014,45.2579,-64.2681,15.68,High
NA,393351,NA,NA,NA,NA,47.28,2014,3,20,13:04:11,ANC3,Dom2014,45.2579,-64.2681,5.64,High
NA,393352,NA,NA,NA,NA,49.57627119,2014,3,20,13:04:30,ANC3,Dom2014,45.2579,-64.2681,0.76,High
NA,393357,NA,NA,NA,NA,52.15384615,2014,3,20,15:16:53,ANC3,Dom2014,45.2568,-64.2654,25.13,High
NA,393358,NA,NA,NA,NA,59.35185185,2014,3,20,15:17:16,ANC3,Dom2014,45.2568,-64.2654,16.58,High
NA,393359,NA,NA,NA,NA,70.71428571,2014,3,20,15:17:45,ANC3,Dom2014,45.2568,-64.2654,6.49,High
NA,393360,NA,NA,NA,NA,67.9,2014,3,20,15:17:59,ANC3,Dom2014,45.2568,-64.2654,0.61,High
NA,393363,NA,NA,NA,NA,48.08823529,2014,3,20,17:16:35,ANC3,Dom2014,45.2566,-64.266,30.51,High
NA,393364,NA,NA,NA,NA,41.625,2014,3,20,17:17:16,ANC3,Dom2014,45.2566,-64.266,15.5,High
NA,393365,NA,NA,NA,NA,37.63513514,2014,3,20,17:17:43,ANC3,Dom2014,45.2566,-64.266,5.38,High
NA,393366,NA,NA,NA,NA,48.48684211,2014,3,20,17:17:55,ANC3,Dom2014,45.2566,-64.266,0.64,High
NA,393369,NA,NA,NA,NA,16.64705882,2014,3,20,19:17:00,ANC3,Dom2014,45.2582,-64.2679,32.71,High
NA,393370,NA,NA,NA,NA,36,2014,3,20,19:17:58,ANC3,Dom2014,45.2582,-64.2679,15.31,High
NA,393371,NA,NA,NA,NA,37.80487805,2014,3,20,19:18:34,ANC3,Dom2014,45.2582,-64.2679,4.75,High
NA,393372,NA,NA,NA,NA,39.78947368,2014,3,20,19:18:45,ANC3,Dom2014,45.2582,-64.2679,0.83,High
NA,393375,NA,NA,NA,NA,25.78703704,2014,3,20,23:53:40,ANC3,Dom2014,45.2588,-64.2667,23.7,High
NA,393376,NA,NA,NA,NA,17.40196078,2014,3,20,23:54:10,ANC3,Dom2014,45.2588,-64.2667,14.82,High
NA,393377,NA,NA,NA,NA,16.85714286,2014,3,20,23:54:42,ANC3,Dom2014,45.2588,-64.2667,4.85,High
NA,393378,NA,NA,NA,NA,15.88832487,2014,3,20,23:54:55,ANC3,Dom2014,45.2588,-64.2667,0.6,High
NA,393379,NA,NA,NA,NA,21.29807692,2014,3,21,1:46:05,ANC3,Dom2014,45.2578,-64.2662,22.35,High
NA,393380,NA,NA,NA,NA,19.33333333,2014,3,21,1:46:36,ANC3,Dom2014,45.2578,-64.2662,14.88,High
NA,393381,NA,NA,NA,NA,17.42081448,2014,3,21,1:47:17,ANC3,Dom2014,45.2578,-64.2662,4.74,High
NA,393382,NA,NA,NA,NA,15.31818182,2014,3,21,1:47:30,ANC3,Dom2014,45.2578,-64.2662,0.78,High
NA,393385,NA,NA,NA,NA,14.55882353,2014,3,21,3:42:29,ANC3,Dom2014,45.2567,-64.2657,26.01,High
NA,393386,NA,NA,NA,NA,13.83495146,2014,3,21,3:43:00,ANC3,Dom2014,45.2567,-64.2657,13.81,High
NA,393387,NA,NA,NA,NA,14.21800948,2014,3,21,3:43:25,ANC3,Dom2014,45.2567,-64.2657,3.73,High
NA,393388,NA,NA,NA,NA,13.88888889,2014,3,21,3:43:32,ANC3,Dom2014,45.2567,-64.2657,0.56,High
NA,393391,NA,NA,NA,NA,11.60194175,2014,3,21,5:39:08,ANC3,Dom2014,45.2566,-64.2662,31.53,High
NA,393392,NA,NA,NA,NA,13.0952381,2014,3,21,5:39:47,ANC3,Dom2014,45.2566,-64.2662,15.16,High
NA,393393,NA,NA,NA,NA,10.8490566,2014,3,21,5:40:08,ANC3,Dom2014,45.2566,-64.2662,4.8,High
NA,393394,NA,NA,NA,NA,11.07843137,2014,3,21,5:40:20,ANC3,Dom2014,45.2566,-64.2662,0.74,High
NA,393397,NA,NA,NA,NA,10.85714286,2014,3,21,7:43:25,ANC3,Dom2014,45.2573,-64.2673,32.61,High
NA,393398,NA,NA,NA,NA,10.50925926,2014,3,21,7:43:58,ANC3,Dom2014,45.2573,-64.2673,14.96,High
NA,393399,NA,NA,NA,NA,12.83018868,2014,3,21,7:44:25,ANC3,Dom2014,45.2573,-64.2673,5.13,High
NA,393400,NA,NA,NA,NA,11.20930233,2014,3,21,7:44:35,ANC3,Dom2014,45.2573,-64.2673,0.65,High
NA,393403,NA,NA,NA,NA,33.72340426,2014,3,21,10:12:47,ANC3,Dom2014,45.2587,-64.2672,28.73,High
NA,393404,NA,NA,NA,NA,37.37179487,2014,3,21,10:13:41,ANC3,Dom2014,45.2587,-64.2672,15.22,High
NA,393405,NA,NA,NA,NA,10.6,2014,3,21,10:14:18,ANC3,Dom2014,45.2587,-64.2672,5.25,High
NA,393406,NA,NA,NA,NA,34.6,2014,3,21,10:14:35,ANC3,Dom2014,45.2587,-64.2672,0.83,High
NA,393411,NA,NA,NA,NA,9.941176471,2014,3,21,12:13:51,ANC3,Dom2014,45.2589,-64.2668,23.61,High
NA,393412,NA,NA,NA,NA,15.89473684,2014,3,21,12:14:20,ANC3,Dom2014,45.2589,-64.2668,14.6,High
NA,393413,NA,NA,NA,NA,14.64285714,2014,3,21,12:14:55,ANC3,Dom2014,45.2589,-64.2668,4.63,High
NA,393414,NA,NA,NA,NA,46.5,2014,3,21,12:15:11,ANC3,Dom2014,45.2589,-64.2668,0.77,High
NA,393415,NA,NA,NA,NA,16.63793103,2014,3,21,14:59:55,ANC3,Dom2014,45.3285,-64.2086,32.76,High
NA,393416,NA,NA,NA,NA,56.08333333,2014,3,21,15:00:38,ANC3,Dom2014,45.3285,-64.2086,14.4,High
NA,393417,NA,NA,NA,NA,37.58928571,2014,3,21,15:01:03,ANC3,Dom2014,45.3285,-64.2086,4.57,High
NA,393418,NA,NA,NA,NA,27.18181818,2014,3,21,15:01:13,ANC3,Dom2014,45.3285,-64.2086,0.56,High
NA,393421,NA,NA,NA,NA,59.71962617,2014,3,21,20:33:51,ANC1,Dom2014,45.3201,-64.0167,28.16,High
NA,393422,NA,NA,NA,NA,25.45454545,2014,3,21,20:34:32,ANC1,Dom2014,45.3201,-64.0167,14.57,High
NA,393423,NA,NA,NA,NA,29.39655172,2014,3,21,20:34:59,ANC1,Dom2014,45.3201,-64.0167,4.59,High
NA,393424,NA,NA,NA,NA,31.72727273,2014,3,21,20:35:10,ANC1,Dom2014,45.3201,-64.0167,0.81,High
NA,393425,NA,NA,NA,NA,41.61290323,2014,3,21,22:44:11,ANC1,Dom2014,45.3199,-64.0186,23.26,High
NA,393426,NA,NA,NA,NA,42.22222222,2014,3,21,22:45:24,ANC1,Dom2014,45.3199,-64.0186,14.99,High
NA,393427,NA,NA,NA,NA,41.42857143,2014,3,21,22:46:00,ANC1,Dom2014,45.3199,-64.0186,5.08,High
NA,393428,NA,NA,NA,NA,41.66666667,2014,3,21,22:46:16,ANC1,Dom2014,45.3199,-64.0186,0.87,High
NA,393431,NA,NA,NA,NA,56.6875,2014,3,22,0:41:25,ANC1,Dom2014,45.3199,-64.0193,18.96,High
NA,393432,NA,NA,NA,NA,54.91666667,2014,3,22,0:41:55,ANC1,Dom2014,45.3199,-64.0193,16.44,High
NA,393433,NA,NA,NA,NA,57.07692308,2014,3,22,0:42:26,ANC1,Dom2014,45.3199,-64.0193,6.29,High
NA,393434,NA,NA,NA,NA,61.85483871,2014,3,22,0:42:46,ANC1,Dom2014,45.3199,-64.0193,0.84,High
NA,393437,NA,NA,NA,NA,69.74137931,2014,3,22,2:40:03,ANC1,Dom2014,45.3205,-64.0166,17.29,High
NA,393438,NA,NA,NA,NA,68.48214286,2014,3,22,2:40:23,ANC1,Dom2014,45.3205,-64.0166,15.88,High
NA,393439,NA,NA,NA,NA,66.25,2014,3,22,2:40:49,ANC1,Dom2014,45.3205,-64.0166,5.93,High
NA,393440,NA,NA,NA,NA,70.96491228,2014,3,22,2:41:02,ANC1,Dom2014,45.3205,-64.0166,0.78,High
NA,393443,NA,NA,NA,NA,66.24,2014,3,22,4:38:50,ANC1,Dom2014,45.3205,-64.0155,22.3,High
NA,393444,NA,NA,NA,NA,62.53968254,2014,3,22,4:39:17,ANC1,Dom2014,45.3205,-64.0155,14.97,High
NA,393445,NA,NA,NA,NA,58.01587302,2014,3,22,4:39:31,ANC1,Dom2014,45.3205,-64.0155,4.9,High
NA,393446,NA,NA,NA,NA,57.54545455,2014,3,22,4:39:38,ANC1,Dom2014,45.3205,-64.0155,0.32,High
NA,393449,NA,NA,NA,NA,33.05084746,2014,3,22,6:42:20,ANC1,Dom2014,45.3202,-64.0156,28.07,High
NA,393450,NA,NA,NA,NA,32.79411765,2014,3,22,6:43:01,ANC1,Dom2014,45.3202,-64.0156,15.96,High
NA,393451,NA,NA,NA,NA,36.71641791,2014,3,22,6:43:18,ANC1,Dom2014,45.3202,-64.0156,5.84,High
NA,393452,NA,NA,NA,NA,37.62711864,2014,3,22,6:43:25,ANC1,Dom2014,45.3202,-64.0156,0.66,High
NA,393455,NA,NA,NA,NA,24.53125,2014,3,22,8:37:19,ANC1,Dom2014,45.3197,-64.0159,23.38,High
NA,393456,NA,NA,NA,NA,26.20915033,2014,3,22,8:37:34,ANC1,Dom2014,45.3197,-64.0159,17.12,High
NA,393457,NA,NA,NA,NA,31.27659574,2014,3,22,8:37:47,ANC1,Dom2014,45.3197,-64.0159,7.41,High
NA,393458,NA,NA,NA,NA,27.21212121,2014,3,22,8:37:57,ANC1,Dom2014,45.3197,-64.0159,0.58,High
