"COLLECTOR_SAMPLE_ID","COLLECTOR_STATION_NAME","YEAR","MONTH","DAY","LATITUDE","LONGITUDE","START_DEPTH","METHOD","Date","DATA_VALUE","chlorophyll_a","SatMedianChl","validn","SatSDChl","SatCVChl","spm","Rrs_443","Rrs_488","Rrs_547","Rrs_667","bandratio","sat_chla"
22161,"Prince 5",2011,9,12,44.93333,-66.84999,1,"Chl_a_Holm-Hansen_sF",2011-09-12,0.754,0.754,4.26676082611084,23,0.18419185562968,0.0309903591409267,0.432356774806976,0.000884000211954117,0.00283399969339371,0.00383000075817108,0.000380001991288736,0.739947554148009,3.05281192398085
22173,"Prince5",2011,11,18,44.93481,-66.85399,1,"Chl_a_Holm-Hansen_sF",2011-11-18,0.658,0.658,3.05587530136108,5,0.00412446434613876,0.000794845024913766,2.06097984313965,0.0045819990336895,0.00596600025892258,0.00724000111222267,0.00180999934673309,0.824033058344521,0.483814168582874
22183,"Prince 5",2012,1,16,44.93071,-66.84946,1,"Chl_a",2012-01-16,0.2946,0.2946,3.3456015586853,25,0.0354857748993562,0.00788268213799265,2.44174122810364,0.0043759997934103,0.00647399947047234,0.008092001080513,0.00214400142431259,0.80004925926949,0.441033800950204
239725,"P5",2006,10,13,44.93333,-66.84999,1,"Chl_a_Holm-Hansen_sF",2006-10-13,1.358,1.358,1.56401991844177,5,0.0898030147470318,0.0580801158326005,0.921815276145935,0.00681599974632263,0.00728400051593781,0.00699200108647346,0.000810000987257808,1.04176192564232,0.568013547878425
239870,"P5",2009,3,16,44.93333,-66.84999,1,"Chl_a_Holm-Hansen_sF",2009-03-16,0.415,0.415,2.76055908203125,17,0.0212147055820994,0.00653577513775034,1.84216618537903,0.0047839991748333,0.00741400197148323,0.00868400186300278,0.00161800161004066,0.853754074267275,0.492793263946882
239895,"P5",2009,8,17,44.93333,-66.84999,1,"Chl_a_Holm-Hansen_sF",2009-08-17,1.303,1.303,1.68462264537811,15,0.0367660221051905,0.017511082559625,0.153580039739609,0.00337800197303295,0.00348199903964996,0.00346400216221809,0.000135000795125961,1.00519540017271,3.79009714591016
240810,"P5",2009,11,18,44.93333,-66.84999,1,"Chl_a_Holm-Hansen_sF",2009-11-18,0.846,0.846,5.41030359268188,17,0.161920825547023,0.0252799896555682,1.27482187747955,0.00156399980187416,0.0036420002579689,0.00525800138711929,0.00111999921500683,0.692658671960573,1.21484512040031
240865,"Prince 5",2010,10,12,44.93333,-66.84999,1,"Chl_a_Holm-Hansen_sF",2010-10-12,1.03,1.03,2.87907981872559,20,0.0360828397532924,0.00905512278901265,0.936615794897079,0.00226500071585178,0.00469200126826763,0.00558900088071823,0.000823000445961952,0.839506267471669,1.0153580515424
240895,"Prince 5",2011,4,15,44.93333,-66.84999,1,"Chl_a_Holm-Hansen_sF",2011-04-15,0.462,0.462,4.97692775726318,23,0.0602316312112969,0.00850408656276898,2.35280871391296,0.00283199921250343,0.00555600225925446,0.00786799937486649,0.0020660012960434,0.706151842996141,0.627204497233215
241201,"P5",2003,1,16,44.93333,-66.84999,1,"Chl_a",2003-01-16,0.30755,0.30755,1.44645714759827,24,0.0269767694652303,0.0127407371241464,1.34657925367355,0.00532750133424997,0.00671500153839588,0.00624800100922585,0.00118300132453442,1.07474399067485,0.355270938185792
241217,"P5",2003,2,28,44.93333,-66.84999,1,"Chl_a",2003-02-28,0.38566,0.38566,2.30327200889587,21,0.0454123908393594,0.0146318566308743,1.86268091201782,0.00520800054073334,0.00783000141382217,0.00863800011575222,0.00163600221276283,0.906459980191875,0.414377337052752
241306,"P5",2004,11,16,44.93333,-66.84999,1,"Chl_a_Holm-Hansen_sF",2004-11-16,0.636,0.636,3.03594350814819,18,0.227614082879185,0.0571898271153822,1.34316170215607,0.00183400139212608,0.00382500141859055,0.00466899946331978,0.00118000060319901,0.819233638521533,0.754646856008527
241376,"P5",2006,1,13,44.93333,-66.84999,1,"Chl_a_Holm-Hansen_sF",2006-01-13,0.39,0.39,5.95350527763367,20,0.24704888419339,0.0351026559437101,1.49466150999069,0.000997001305222511,0.00387100130319595,0.00579000078141689,0.00131300184875727,0.668566628802538,1.12722681676507
241400,"P5",2006,5,17,44.93333,-66.84999,1,"Chl_a_Holm-Hansen_sF",2006-05-17,1.407,1.407,3.89902079105377,12,0.24317997454713,0.0621150003084783,0.914983481168747,0.00210600160062313,0.00393700040876865,0.00521400105208158,0.000804000534117222,0.755082396310006,1.36844804432951
257114,"MFD-SETNO032",2003,7,6,44.11966,-66.58466,5,"Chl_a",2003-07-06,1.71789,1.71789,0.811564892530441,22,0.00938932015508583,0.00736943905134665,0.304905325174332,0.00356100033968687,0.00407900102436543,0.00300700031220913,0.000268000178039074,1.35650169632631,0.796348023200239
257118,"MFD-SETNO033",2003,7,6,44.32966,-66.652,5,"Chl_a",2003-07-06,3.58584,3.58584,1.25973558425903,17,0.0335130734640148,0.0235435804485708,0.384558379650116,0.00310400128364563,0.00355200096964836,0.00315200164914131,0.000337999314069748,1.12690327132793,1.08792115238865
257122,"MFD-SETNO034",2003,7,6,44.29733,-66.6045,5,"Chl_a",2003-07-06,1.56172,1.56172,1.30697894096375,21,0.0252990472989109,0.0145875317912031,0.368627518415451,0.00293100066483021,0.00347800180315971,0.00310800038278103,0.000323999702231959,1.11904806139297,1.15833824295669
257126,"MFD-SETNO035",2003,7,6,44.43783,-66.442,5,"Chl_a",2003-07-06,5.45672,5.45672,1.73940908908844,18,0.0507849174523117,0.0216759506083286,0.393096372485161,0.00267700105905533,0.00296400114893913,0.00292699970304966,0.00034550204873085,1.01264142454504,1.44689144821773
257130,"MFD-SETNO036",2003,7,6,44.467,-66.54366,5,"Chl_a",2003-07-06,5.56066,5.56066,1.75647705793381,16,0.0559066230584529,0.0279783751134547,0.534781992435455,0.00297000259160995,0.00319900177419186,0.00320200063288212,0.000470001308713108,0.999063442193151,1.10417903656955
257134,"MFD-SETNO037",2003,7,6,44.52233,-66.33033,5,"Chl_a",2003-07-06,6.652,6.652,2.51194560527802,18,0.0582955448860958,0.0217645744572558,0.609901905059814,0.0026750024408102,0.00312899984419346,0.00355200096964836,0.000536002189619467,0.880911877820581,1.3716679204853
257138,"MFD-SETNO038",2003,7,6,44.6055,-66.33483,5,"Chl_a",2003-07-06,4.62522,4.62522,1.9128879904747,18,0.0497301002997827,0.0213128970545533,0.57120281457901,0.002920001745224,0.00340600125491619,0.00351599976420403,0.000502001494169235,0.968714870118104,1.12732168024228
263997,"MFD-SETNO061",2004,7,13,44.8613,-65.8537,5,"Chl_a",2004-07-13,0.607,0.607,0.667352706193924,16,0.018850743865752,0.0195808333182895,3.30409097671509,0.010609501041472,0.00968850124627352,0.00711300037801266,0.00290000066161156,1.36208361189212,0.0721931624635136
304824,"MFD-SETNO048",2007,7,13,44.24988,-66.79471,5,"Chl_a_Holm-Hansen_sF",2007-07-13,2.216,2.216,5.92152070999146,9,0.798238176271471,0.111590946837374,0.380009740591049,0.000718001276254654,0.00149700045585632,0.00230599939823151,0.000334002106683329,0.649176429536097,4.76580921214855
321096,"MFD-SETNO075",2008,3,17,44.1173,-67.25131,5,"Chl_a_Holm-Hansen_sF",2008-03-17,0.311,0.311,1.28842461109161,8,0.0131836597824896,0.00870244748174566,1.07154357433319,0.00405300129204988,0.00647100061178207,0.00575700029730797,0.000941500038607046,1.1240229768284,0.39239425225594
321098,"MFD-SETNO076",2008,3,17,44.32801,-67.10483,6,"Chl_a_Holm-Hansen_sF",2008-03-17,0.272,0.272,0.971025705337524,12,0.0679953908074617,0.0596549368392569,0.531367063522339,0.00335099920630455,0.00512950122356415,0.00405750144273043,0.000467000529170036,1.26420194692829,0.561828879718328
321104,"MFD-SETNO080",2008,3,18,45.19248,-65.54065,5,"Chl_a_Holm-Hansen_sF",2008-03-18,0.415,0.415,4.0494236946106,10,0.04273855942267,0.00790566477343491,6.66216778755188,0.00713100098073483,0.0104054994881153,0.0138109996914864,0.00583800114691257,0.753421165777712,0.188104706299007
321106,"MFD-SETNO081",2008,3,18,45.3084,-65.35786,6,"Chl_a_Holm-Hansen_sF",2008-03-18,0.534,0.534,4.52626514434814,12,0.0183306991427821,0.00354650975916846,10.0844659805298,0.00824949983507395,0.011348501779139,0.0156020019203424,0.00882250070571899,0.727374720057075,0.135579587310585
321108,"MFD-SETNO082",2008,3,18,45.20528,-65.07435,5,"Chl_a_Holm-Hansen_sF",2008-03-18,0.615,0.615,4.04649972915649,14,0.116179293357108,0.024276453586757,4.37274956703186,0.00511000026017427,0.00799200125038624,0.0105930007994175,0.00383600033819675,0.754460553880607,0.285878117152857
321110,"MFD-SETNO083",2008,3,18,44.90835,-65.98188,5,"Chl_a_Holm-Hansen_sF",2008-03-18,0.237,0.237,1.78346580266953,6,0.0838619797684453,0.0465058101173586,1.35569149255753,0.00358700007200241,0.0063370019197464,0.00639500096440315,0.00119100138545036,0.990930565143056,0.444751351196501
321338,"MFD-SETNO054",2008,7,12,44.83601,-65.99061,5,"Chl_a_Holm-Hansen_sF",2008-07-12,1.513,1.513,1.35432481765747,17,0.0418657662369895,0.0168243100986563,0.327665269374847,0.00369600206613541,0.00370000116527081,0.00338300131261349,0.000288002192974091,1.0937037332724,1.39289435386485
321342,"MFD-SETNO055",2008,7,12,44.94561,-65.65711,5,"Chl_a_Holm-Hansen_sF",2008-07-12,1.413,1.413,1.19010233879089,15,0.0292858349138044,0.0243772496673476,0.063706748187542,0.00296200066804886,0.00295599922537804,0.00256799906492233,5.60022999707144e-05,1.15109046017797,6.19989485194321
321346,"MFD-SETNO056",2008,7,12,45.10045,-65.24081,5,"Chl_a_Holm-Hansen_sF",2008-07-12,1.527,1.527,1.90240180492401,16,0.0707882358337724,0.0310204613928904,0.589411616325378,0.00330700166523457,0.00430500134825706,0.00442600063979626,0.000517999724252149,0.972661709433289,1.08003827877088
321350,"MFD-SETNO057",2008,7,12,45.20028,-65.24903,5,"Chl_a_Holm-Hansen_sF",2008-07-12,1.222,1.222,2.08651983737946,18,0.0619692245411343,0.0226479373536882,0.817074656486511,0.00347600132226944,0.00495300069451332,0.0052690003067255,0.000718001276254654,0.940026647595972,0.856239272428721
321354,"MFD-SETNO058",2008,7,12,45.34326,-65.22046,5,"Chl_a_Holm-Hansen_sF",2008-07-12,1.145,1.145,2.10501778125763,18,0.0398765665150199,0.0150146036236702,1.15524405241013,0.00471600145101547,0.00626200065016747,0.00671200081706047,0.00101500190794468,0.932955883177309,0.617887562568943
321358,"MFD-SETNO059",2008,7,12,45.21236,-65.42635,5,"Chl_a_Holm-Hansen_sF",2008-07-12,1.184,1.184,2.68703651428223,17,0.0587299735085604,0.015691796279449,1.55503785610199,0.00421800091862679,0.00574599951505661,0.00667599961161613,0.00136600062251091,0.860695004394348,0.571480400182956
321362,"MFD-SETNO060",2008,7,12,45.12563,-65.61236,5,"Chl_a_Holm-Hansen_sF",2008-07-12,0.693,0.693,1.0874707698822,15,0.0254017116426495,0.0190107335118906,0.284424155950546,0.00387199968099594,0.00462400168180466,0.00385399907827377,0.000250000506639481,1.19979314677879,1.22585209467854
321366,"MFD-SETNO061",2008,7,12,45.03323,-65.95633,5,"Chl_a_Holm-Hansen_sF",2008-07-12,1.756,1.756,1.55852955579758,12,0.0727094735376067,0.0316023030669827,0.303200349211693,0.0032130004838109,0.00321200117468834,0.00314400065690279,0.000266501694568433,1.02162865889874,1.83052349662322
321369,"MFD-SETNO062",2008,7,12,45.15733,-66.14496,5,"Chl_a_Holm-Hansen_sF",2008-07-12,1.451,1.451,15.0300703048706,10,4.32575679560016,0.207686376434237,2.08035898208618,0.0015380010008812,0.00243999995291233,0.0047330018132925,0.00182700157165527,0.515529055167412,1.42404662428312
321373,"MFD-SETNO063",2008,7,12,44.988,-66.14655,5,"Chl_a_Holm-Hansen_sF",2008-07-12,4.429,4.429,3.80594146251678,16,0.159936965816146,0.038643082541183,0.895059764385223,0.00262700207531452,0.00274000037461519,0.00357600022107363,0.000786500982940197,0.76621929676295,1.34793270696689
321389,"MFD-SETNO068",2008,7,13,44.04158,-66.94405,5,"Chl_a_Holm-Hansen_sF",2008-07-13,0.429,0.429,0.673385500907898,25,0.00751062113377607,0.00914313170403071,0.277595490217209,0.00362600013613701,0.00409600138664246,0.00277500227093697,0.000243999093072489,1.47603532780514,0.682063768924693
321396,"MFD-SETNO070",2008,7,13,43.70215,-67.17958,5,"Chl_a_Holm-Hansen_sF",2008-07-13,0.322,0.322,0.658679932355881,22,0.0210640557966274,0.0237208928657974,0.242893077433109,0.00351300090551376,0.00401799939572811,0.00269600003957748,0.000213500097743236,1.49035583707106,0.757947390316013
322823,"Stn 46",2011,5,31,44.8933333333333,-66.6675,0,"StAndrew",2011-05-31,0.370852761324042,0.370852761324042,11.8600702285767,17,0.495328613891732,0.0272066257963047,1.48440766334534,0.00105700083076954,0.00256200134754181,0.00466600060462952,0.00130400061607361,0.549078657426628,1.75785306147713
322824,"Stn 57",2011,5,31,44.84305,-66.59445,0,"StAndrew",2011-05-31,0.858432857142857,0.858432857142857,6.55564212799072,13,0.0375165103406431,0.00458493404522294,2.09289813041687,0.00225000083446503,0.00437000021338463,0.00670599937438965,0.00183800235390663,0.651655326732321,0.854232165519733
322825,"Stn 46",2011,6,7,44.8933333333333,-66.6675,0,"StAndrew",2011-06-07,1.48795028571429,1.48795028571429,7.72947955131531,8,0.108441467239776,0.0140094294659172,1.27140629291534,0.00161300040781498,0.00316300243139267,0.00511199980974197,0.00111700035631657,0.618740717745121,1.5853727808508
322826,"Stn 57",2011,6,7,44.84305,-66.59445,0,"StAndrew",2011-06-07,2.270078,2.270078,7.98555660247803,9,0.247085031449222,0.0224319001056592,1.35682857036591,0.00159800052642822,0.00301400199532509,0.00490300171077251,0.00119199976325035,0.614725870623897,1.50723755572923
322833,"Stn 46",2011,6,21,44.8933333333333,-66.6675,0,"StAndrew",2011-06-21,0.862248114285714,0.862248114285714,1.90357351303101,15,0.0442959287672579,0.0165552219962492,1.1108295917511,0.00590400025248528,0.0064460001885891,0.00665200129151344,0.000975999981164932,0.969031710323455,0.57823989134172
322834,"Stn 57",2011,6,21,44.84305,-66.59445,0,"StAndrew",2011-06-21,1.05873385714286,1.05873385714286,2.70696425437927,7,0.0511650272825935,0.0138333788818479,1.55047988891602,0.00408999994397163,0.00420600175857544,0.00487400218844414,0.00136199966073036,0.86294621872504,0.569156580711017
322854,"Stn 65",2011,7,10,44.7877833333333,-66.59695,0,"StAndrew",2011-07-10,4.07527304181185,4.07527304181185,3.76857829093933,9,1.69287179552216,0.286595030568736,0.252565711736679,0.000714000314474106,0.00132999941706657,0.00171799957752228,0.00022200119565241,0.774155846408712,4.66676773644579
322855,"Stn 66",2011,7,10,44.7891666666667,-66.5141666666667,0,"StAndrew",2011-07-10,0.626329108013937,0.626329108013937,2.19311571121216,12,0.141191657858478,0.0477943155090842,0.237774908542633,0.0012849997729063,0.00201800093054771,0.00221400149166584,0.000209001802431885,0.911472254261827,3.21309215673798
322861,"Stn 46",2011,7,19,44.8933333333333,-66.6675,0,"StAndrew",2011-07-19,4.8984134440678,4.8984134440678,1.94584512710571,22,0.0478800272132243,0.0179596980046277,0.718035370111465,0.00435700081288815,0.00443500094115734,0.00461400113999844,0.000631000846624374,0.961204994665181,0.916031265501375
322862,"Stn 57",2011,7,19,44.84305,-66.59445,0,"StAndrew",2011-07-19,1.84005966779661,1.84005966779661,1.84419441223145,22,0.0836717911840448,0.0377847318510788,0.914982348680496,0.005129000172019,0.00515099987387657,0.00530300103127956,0.000803999602794647,0.971336766388236,0.697672649521608
322868,"Stn 57",2011,8,9,44.84305,-66.59445,0,"StAndrew",2011-08-09,2.10545841016949,2.10545841016949,2.61693382263184,25,0.136165136922632,0.0432791758220295,0.833012402057648,0.00271500088274479,0.00316400080919266,0.00365000218153,0.000732000917196274,0.866849018667266,1.04812808786054
322871,"Stn 46",2011,8,23,44.8933333333333,-66.6675,0,"StAndrew",2011-08-23,2.01952133220339,2.01952133220339,2.74655914306641,25,0.0562500683473299,0.0157892546899794,1.04820203781128,0.0029390025883913,0.00379800051450729,0.00442200154066086,0.00092100165784359,0.858887198383854,0.853402962617067
322872,"Stn 57",2011,8,23,44.84305,-66.59445,0,"StAndrew",2011-08-23,1.99803706271187,1.99803706271187,3.5324444770813,25,0.0609142570822652,0.015621412266193,0.82390683889389,0.0019339993596077,0.00237800180912018,0.00303200259804726,0.000724002718925476,0.784300716183989,1.37964828080456
326981,"MFD-SETNO063",2009,7,9,45.3259,-65.0501,5,"Chl_a_Holm-Hansen_sF",2009-07-09,0.935,0.935,2.49093389511108,25,0.0723122634570652,0.019393113222254,0.912704706192017,0.00335900112986565,0.00498400069773197,0.00562399998307228,0.000801999121904373,0.886202118195831,0.90096869056365
326983,"MFD-SETNO064",2009,7,9,45.3184,-65.2187,5,"Chl_a_Holm-Hansen_sF",2009-07-09,0.935,0.935,2.66348361968994,25,0.0488630978765841,0.0165607245302827,1.11538577079773,0.00354000180959702,0.00493100099265575,0.00570200011134148,0.00098000094294548,0.864784443417988,0.787276249088455
326985,"MFD-SETNO065",2009,7,9,45.3768,-65.229,5,"Chl_a_Holm-Hansen_sF",2009-07-09,0.87,0.87,2.74277567863464,25,0.100378607342705,0.0302728624895697,0.908152520656586,0.00338999927043915,0.00514000095427036,0.00601600110530853,0.000798000022768974,0.85438829951923,0.999309523081141
326988,"MFD-SETNO066",2009,7,9,45.2193,-65.7512,5,"Chl_a_Holm-Hansen_sF",2009-07-09,0.902,0.902,4.25142335891724,25,0.200159512713172,0.0374018674645038,1.17915642261505,0.00291200168430805,0.00499200075864792,0.0067640021443367,0.00103599950671196,0.738024715563932,1.12399564381055
326992,"MFD-SETNO067",2009,7,9,45.0403,-65.9235,5,"Chl_a_Holm-Hansen_sF",2009-07-09,4.608,4.608,1.81431555747986,25,0.0353502677838524,0.0142097038039229,0.342457354068756,0.0026479996740818,0.00276000052690506,0.00280199944972992,0.000301001593470573,0.985011088125336,1.79646368337837
326996,"MFD-SETNO068",2009,7,9,44.8704,-66.8616,5,"Chl_a_Holm-Hansen_sF",2009-07-09,1.156,1.156,3.27198457717896,10,0.240294459443901,0.06464537306394,0.145616292953491,0.00151750136865303,0.00285400077700615,0.00354200042784214,0.000128001003758982,0.805759579974096,7.30831597809051
327000,"MFD-SETNO069",2009,7,9,44.7899,-66.7052,5,"Chl_a_Holm-Hansen_sF",2009-07-09,0.783,0.783,2.884352684021,25,0.108627057057573,0.0229578335235964,0.834151148796082,0.00299800187349319,0.00395900197327137,0.00471200048923492,0.000733001157641411,0.840195577720364,1.13790997122413
327417,"WV",2008,10,14,44.99331,-66.73933,1,"Chl_a_Holm-Hansen_sF",2008-10-14,1.252,1.252,1.40905654430389,6,0.156447649471249,0.10724589167646,0.348146289587021,0.00329600088298321,0.00334000028669834,0.00307600200176239,0.00030600096215494,1.08582513430898,1.33840481618262
330752,"MFD-SETNO070",2009,7,9,44.7331,-66.5947,5,"Chl_a_Holm-Hansen_sF",2009-07-09,3.48,3.48,2.97032129764557,22,0.0908275927127767,0.0219000898988364,0.839843660593033,0.00266700051724911,0.00353200081735849,0.00424750056117773,0.000738001457648352,0.831548051962859,1.1616210462125
330756,"MFD-SETNO071",2009,7,10,44.4193,-66.7822,5,"Chl_a_Holm-Hansen_sF",2009-07-10,4.802,4.802,1.6099219918251,10,0.0632759584173738,0.0302576952559117,0.273045152425766,0.00260700099170208,0.00237100198864937,0.00250199995934963,0.00023999999393709,0.94764269671119,2.5119943577462
330760,"MFD-SETNO072",2009,7,10,44.3417,-67.133,5,"Chl_a_Holm-Hansen_sF",2009-07-10,2.965,2.965,0.850943684577942,11,0.0136992836687147,0.0134042838259494,0.351561844348907,0.00363200157880783,0.00330300070345402,0.00275800004601479,0.00030900165438652,1.19760719664481,0.996566790764731
330764,"MFD-SETNO073",2009,7,10,44.1399,-67.2517,5,"Chl_a_Holm-Hansen_sF",2009-07-10,2.062,2.062,0.807025551795959,11,0.0167215346913589,0.0149187064821646,0.563234448432922,0.0046520009636879,0.00436200201511383,0.00341200083494186,0.000494999811053276,1.27842935161185,0.512772802121965
330768,"MFD-SETNO074",2009,7,10,43.8135,-67.1078,5,"Chl_a_Holm-Hansen_sF",2009-07-10,0.659,0.659,0.804972589015961,9,0.00624609359447012,0.0061040651066593,0.599656045436859,0.00533800199627876,0.00524299964308739,0.00390800088644028,0.000527000054717064,1.34160656444045,0.417664726963451
330772,"MFD-SETNO075",2009,7,10,43.7371,-67.0935,5,"Chl_a_Holm-Hansen_sF",2009-07-10,1.74,1.74,0.768215656280518,13,0.0263839412557531,0.02657106875547,0.59396755695343,0.00506000220775604,0.00481599941849709,0.00357799977064133,0.000522002577781677,1.34600327758933,0.417620219144433
330776,"MFD-SETNO076",2009,7,10,43.5775,-67.0304,5,"Chl_a_Holm-Hansen_sF",2009-07-10,0.833,0.833,0.898034512996674,11,0.0258949309059784,0.0218037469845478,0.659983456134796,0.00481000170111656,0.00463199988007545,0.00370600074529648,0.000580001622438431,1.24986479993406,0.467552518318345
352706,"Wolves",2011,2,17,44.99331,-66.73933,1,"Chl_a_Holm-Hansen_sF",2011-02-17,0.355,0.355,6.16865158081055,16,0.313887351766855,0.0285257400874544,1.74872595071793,0.00129600055515766,0.00460600107908249,0.00696700066328049,0.00153600051999092,0.661116784925596,0.988879155263123
352714,"Wolves",2011,3,15,44.99331,-66.73933,1,"Chl_a_Holm-Hansen_sF",2011-03-15,0.373,0.373,4.1580753326416,10,0.130384733631479,0.0195577668499934,3.49353885650635,0.00492700189352036,0.00789199955761433,0.0105730015784502,0.00306600145995617,0.74642943151543,0.367807905389702
352722,"Wolves",2011,4,6,44.9934333333333,-66.7393,0,"StAndrew",2011-04-06,0.476102686567164,0.476102686567164,4.44474172592163,23,0.123956534306612,0.0210460019519653,2.22056269645691,0.00252000242471695,0.00545299984514713,0.00746800005435944,0.00194999948143959,0.730182084286936,0.612051445882139
352730,"Wolves",2011,4,15,44.99331,-66.73933,1,"Chl_a_Holm-Hansen_sF",2011-04-15,0.406,0.406,5.92725372314453,22,0.458385881203978,0.0330595608970706,3.62594604492188,0.00344700179994106,0.00622700154781342,0.00929800048470497,0.00318200141191483,0.669714048526532,0.461804040094596
353276,"MFD-SETNO047",2011,7,10,43.8112,-66.3772,5,"Chl_a_Holm-Hansen_sF",2011-07-10,1.79,1.79,1.70524775981903,20,0.104564152954469,0.0463845372181462,0.28783854842186,0.00142800062894821,0.00256500020623207,0.00257500074803829,0.000253001242526807,0.996116295572404,2.07171233455565
353280,"MFD-SETNO049",2011,7,11,44.121,-66.4008,5,"Chl_a_Holm-Hansen_sF",2011-07-11,1.749,1.749,1.1486074924469,9,0.0225928675253139,0.0167842693148348,0.143340364098549,0.0024619996547699,0.0035100020468235,0.00300199910998344,0.000126000493764877,1.16922154811793,2.62757391672777
353284,"MFD-SETNO050",2011,7,11,44.5373,-66.4125,5,"Chl_a_Holm-Hansen_sF",2011-07-11,2.42,2.42,1.33125126361847,15,0.0368756544438267,0.019808632703974,0.163819774985313,0.00220800191164017,0.00261000171303749,0.00234800204634666,0.000144001096487045,1.11158408788378,2.66268431565307
353288,"MFD-SETNO051",2011,7,11,44.416,-66.5807,5,"Chl_a_Holm-Hansen_sF",2011-07-11,1.257,1.257,1.72854828834534,12,0.0504325975818107,0.026596565624199,0.543884992599487,0.00271500088274479,0.0032930001616478,0.00326700136065483,0.000477999390568584,1.00795800127483,1.05876705675567
353292,"MFD-SETNO052",2011,7,11,44.6425,-66.3375,5,"Chl_a_Holm-Hansen_sF",2011-07-11,0.984,0.984,1.09000670909882,15,0.0242527143734077,0.0183110347247192,0.195675551891327,0.00260800123214722,0.00277400016784668,0.00231800228357315,0.0001720003929222,1.19672020493898,1.79687637286104
353363,"MFD-SETNO071",2011,7,13,44.827,-66.836,5,"Chl_a_Holm-Hansen_sF",2011-07-13,2.571,2.571,2.43153357505798,25,0.0696801159204643,0.0261009600929212,0.846672832965851,0.00335400179028511,0.00414000079035759,0.0046520009636879,0.00074400007724762,0.889939796374329,0.960359213791439
353367,"MFD-SETNO072",2011,7,13,44.4005,-66.8903,5,"Chl_a_Holm-Hansen_sF",2011-07-13,0.492,0.492,1.7094013094902,10,0.201393333485705,0.107424899202831,0.492672979831696,0.00265000015497208,0.00350699946284294,0.00333050172775984,0.000433001638157293,1.05299433824399,1.03219989226831
353379,"MFD-SETNO075",2011,7,13,43.757,-67.332,5,"Chl_a_Holm-Hansen_sF",2011-07-13,0.357,0.357,0.589826822280884,25,0.0132355796343208,0.0189663888410558,0.345871925354004,0.0048420000821352,0.00489800050854683,0.00310000032186508,0.000304002285702154,1.58,0.448302431018909
353383,"MFD-SETNO077",2011,7,13,43.6898,-67.1587,5,"Chl_a_Holm-Hansen_sF",2011-07-13,0.293,0.293,0.664435088634491,25,0.0427258197592357,0.0517206207544138,0.339042812585831,0.00437800213694572,0.00458000227808952,0.00308500044047832,0.000298000901238993,1.48460344381001,0.548768903671905
370505,"Prince 5",2012,9,17,44.93071,-66.84946,1,"Chl_a",2012-09-17,2.5036,2.5036,4.72558784484863,24,0.363057776148412,0.0492608961472518,0.145616292953491,0.000678999349474907,0.00163900107145309,0.00229850225150585,0.000128001003758982,0.713073511404789,9.96052331010111
370510,"Prince 5",2012,10,26,44.93071,-66.84946,1,"Chl_a",2012-10-26,1.2813,1.2813,7.10850477218628,21,0.47109645902089,0.0525104355804039,1.26343619823456,0.00149200111627579,0.00261599943041801,0.00413000211119652,0.00111000239849091,0.63341358187832,1.51270835796309
370515,"Prince 5",2012,11,20,44.93336,-66.85044,1,"Chl_a",2012-11-20,0.6357,0.6357,6.38191413879395,25,0.231175943232604,0.0279747037716381,1.9492894411087,0.00237800180912018,0.00391200184822083,0.00599000230431557,0.00171200186014175,0.653088538113313,0.912635455294845
370545,"P5",2013,5,13,44.9307,-66.8495,1,"Chl_a_Holm-Hansen_F",2013-05-13,9.0772,9.0772,9.45028305053711,16,0.503220796665269,0.0399774505691091,0.728280603885651,0.000523001013789326,0.00212400034070015,0.00363000109791756,0.000640001177089289,0.585123883824343,3.13589320183959
370560,"P5",2013,8,12,44.9307,-66.8495,1,"Chl_a_Holm-Hansen_F",2013-08-12,2.6342,2.6342,5.650071144104,23,0.700847850008246,0.0895279885722024,0.72031569480896,0.00128000229597092,0.00238900072872639,0.00348199903964996,0.000633001327514648,0.686100341074922,2.20285127187584
370565,"P5",2013,9,17,44.9307,-66.8495,1,"Chl_a_Holm-Hansen_F",2013-09-17,1.5757,1.5757,3.95550298690796,24,0.215614442119739,0.0469819731373895,0.781213521957397,0.00195200089365244,0.00374800153076649,0.00491300225257874,0.00068650025059469,0.762873969536496,1.56216733157804
370570,"P5",2013,10,15,44.9307,-66.8495,1,"Chl_a_Holm-Hansen_F",2013-10-15,8.5439,8.5439,5.682936668396,25,0.132650960140358,0.0188823161150382,0.416425168514252,0.00138100050389767,0.00241800025105476,0.00356300175189972,0.000366002292139456,0.678641330941118,3.91652127282905
370575,"P5",2013,11,21,44.9307,-66.8495,1,"Chl_a_Holm-Hansen_F",2013-11-21,4.0467,4.0467,4.03754615783691,19,0.208313334019772,0.0429871354539416,1.64845895767212,0.00246800109744072,0.00522300042212009,0.00688800029456615,0.0014479998499155,0.758275290179712,0.750441209965101
370595,"P5",2014,3,17,44.93071,-66.84946,1,"Chl_a_Holm-Hansen_F",2014-03-17,0.30907,0.30907,2.38797533512115,24,0.0306254748893715,0.00836583671416932,1.60516476631165,0.00396200083196163,0.00627833418548107,0.00702700018882751,0.00141000002622604,0.893458661843104,0.500386574257359
370630,"P5",2014,10,10,44.93071,-66.84946,1,"Chl_a_Holm-Hansen_F",2014-10-10,1.74048,1.74048,2.30840909481049,6,0.0679298799115476,0.0177376441320027,0.686164379119873,0.00299100205302238,0.00477200001478195,0.00520000047981739,0.000603001622948796,0.917692225857166,1.09007088439887
370660,"P5",2015,4,16,44.9307,-66.8495,1.11,"Chl_a_Holm-Hansen_F",2015-04-16,11.48454,11.48454,5.06437110900879,15,0.060766941374639,0.00870022476379075,0.951416432857513,0.00203800201416016,0.00273600220680237,0.00390199944376945,0.000835999788250774,0.701179548134253,1.58137302721755
371318,"Wolves",2012,7,3,44.9934333333333,-66.7393,0,"StAndrew",2012-07-03,0.308064788039056,0.308064788039056,4.22136449813843,17,2.60729066352157,0.418829819024386,0.291252911090851,0.000810000987257808,0.00196800008416176,0.0026479996740818,0.000256001891102642,0.743202540175602,4.48643490703541
371630,"Stn 46",2011,4,12,44.8933333333333,-66.6675,0,"StAndrew",2011-04-12,0.462877611940299,0.462877611940299,4.95084953308105,23,0.116472127853686,0.0200306101836469,1.34316146373749,0.00103000178933144,0.00407199934124947,0.0057619996368885,0.00118000060319901,0.706698993033669,1.098053672639
376031,"Wolves",2011,6,7,44.9934333333333,-66.7393,0,"StAndrew",2011-06-07,1.869476,1.869476,20.1907825469971,9,3.20581283459589,0.0870916719411039,0.26735845208168,3.20002509397455e-05,0.00204600021243095,0.00431999936699867,0.000235000654356554,0.473611229682289,13.0954926333979
376103,"Wolves",2011,8,9,44.9934333333333,-66.7393,0,"StAndrew",2011-08-09,4.03904266440678,4.03904266440678,5.33250713348389,25,0.642054344164845,0.077526084277226,0.372042328119278,0.00139200128614902,0.00215400010347366,0.00311600044369698,0.000327000394463539,0.69127079485202,4.19516065003231
376123,"Deadmans",2011,8,23,45.0477666666667,-66.7778166666667,0,"StAndrew",2011-08-23,2.19139548813559,2.19139548813559,7.90641212463379,5,1.28585876049715,0.155360126433883,2.6871395111084,0.00345000252127647,0.00455600023269653,0.00740199908614159,0.00235900096595287,0.615509429233315,0.7576537517214
383138,"Stn 46",2012,6,28,44.8933333333333,-66.6675,0,"StAndrew",2012-06-28,1.40505441212368,1.40505441212368,1.92376101016998,17,0.0494905741691901,0.0221355201940943,1.08350193500519,0.00442200154066086,0.00510600209236145,0.0053040012717247,0.000952001719269902,0.962669846928814,0.603885725209029
383151,"Stn 60",2012,6,28,44.8397666666667,-66.3586333333333,0,"StAndrew",2012-06-28,1.64885544344996,1.64885544344996,0.990643441677094,22,0.0403452172910628,0.0349510442847315,0.183161564171314,0.00236849952489138,0.00244300160557032,0.00197400152683258,0.000161001451488119,1.23758850860175,1.73965646972215
383153,"Stn 82",2012,6,28,44.6781666666667,-66.4352,0,"StAndrew",2012-06-28,1.42039956875509,1.42039956875509,1.23073089122772,17,0.030074777895653,0.0213610504967148,0.268494814634323,0.00240200012922287,0.00249399989843369,0.00218399986624718,0.000236000894801691,1.1419414153716,1.50054685108674
383154,"Stn 81",2012,6,28,44.67925,-66.5191833333333,0,"StAndrew",2012-06-28,1.4799967534581,1.4799967534581,1.07835030555725,15,0.0267977070856966,0.0229362085783507,0.232084557414055,0.0026479996740818,0.0027099996805191,0.00224599987268448,0.000204000592930242,1.20658941858266,1.47833471745055
383160,"Stn 57",2012,7,3,44.84305,-66.59445,0,"StAndrew",2012-07-03,2.11570005695688,2.11570005695688,5.18577098846436,11,2.09668360520295,0.450520852320125,1.3249374628067,0.00166000053286552,0.00302800163626671,0.00431400164961815,0.00116400048136711,0.701900899026019,1.13183315431483
383167,"Stn 46",2012,7,31,44.8933333333333,-66.6675,0,"StAndrew",2012-07-31,1.90909648331977,1.90909648331977,2.90879797935486,23,0.116023980782993,0.0246891439569895,0.147892251610756,0.00162100046873093,0.00240400247275829,0.00285600125789642,0.000130001499201171,0.841737189754934,6.41315478056774
383168,"Stn 57",2012,7,31,44.84305,-66.59445,0,"StAndrew",2012-07-31,2.45092938445891,2.45092938445891,3.05504941940308,5,0.110310316954799,0.0367900612490034,0.650875210762024,0.00213799998164177,0.00285400077700615,0.00346200168132782,0.000571999698877335,0.824378795769829,1.53448042318855
383169,"Stn 46",2012,8,7,44.8933333333333,-66.6675,0,"StAndrew",2012-08-07,1.55945966639544,1.55945966639544,2.02383315563202,24,0.0454599245655024,0.0185820978550468,0.315146595239639,0.00196400098502636,0.00270900130271912,0.00285300053656101,0.000277000464848243,0.949527091917247,2.16367922180533
383170,"Stn 57",2012,8,7,44.84305,-66.59445,0,"StAndrew",2012-08-07,2.47328316517494,2.47328316517494,3.9894597530365,22,0.282630003661478,0.060284282011308,1.03453683853149,0.00271500088274479,0.00374099984765053,0.00494500249624252,0.000909000635147095,0.756521326428681,1.20413900449499
383173,"Stn 46",2012,8,21,44.8933333333333,-66.6675,0,"StAndrew",2012-08-21,1.67865403580146,1.67865403580146,0.974284887313843,16,0.0152300491571066,0.0109944950060083,0.221844509243965,0.00316950120031834,0.00316650047898293,0.0025430005043745,0.000195000327948947,1.24518279628175,1.41005157249985
383174,"Stn 57",2012,8,21,44.84305,-66.59445,0,"StAndrew",2012-08-21,1.06281646053702,1.06281646053702,1.40962553024292,12,0.0905536109005984,0.0436144389290688,0.420973971486092,0.00321300141513348,0.00323200039565563,0.00298300012946129,0.000369999557733536,1.08347309935897,1.11330496028614
384788,"66",2012,7,12,43.7182,-66.73,5,"Chl_a",2012-07-12,0.9276,0.9276,1.4693506360054,10,0.108083056230868,0.0665343666960561,0.0193387707695365,0.000792002305388451,0.00145500153303146,0.00139700062572956,1.70003495441051e-05,1.04151816844864,27.3428467857942
384798,"70",2012,7,13,44.2752,-66.7035,5,"Chl_a",2012-07-13,2.2833,2.2833,1.63736772537231,14,0.0398540133685998,0.0152534284406747,0.369765728712082,0.00189400091767311,0.00242600031197071,0.00237200036644936,0.000324999957229011,1.02276557216649,1.49554821491234
384877,"91",2012,7,15,43.876,-66.887,5,"Chl_a",2012-07-15,0.4774,0.4774,0.516861140727997,25,0.00879062927144525,0.0140216636090945,0.40504252910614,0.00473400205373764,0.00423000007867813,0.00281599909067154,0.000355999887688085,1.50213119481846,0.443602561093865
384881,"92",2012,7,15,43.9112,-67.0905,5,"Chl_a",2012-07-15,0.49,0.49,0.488386988639832,24,0.0103370109638408,0.0182153623618011,0.56209534406662,0.00549600087106228,0.00496900081634521,0.00317500066012144,0.000493999599711969,1.56503930180448,0.283280757306024
389185,"P5",2015,9,16,44.9307,-66.8495,1.44,"Chl_a_Holm-Hansen_F",2015-09-16,2.26554,2.26554,2.39617872238159,18,0.0946996408396105,0.0349226422601794,0.298077493906021,0.00302700139582157,0.00367099978029728,0.00409599952399731,0.000261999695794657,0.896240284890153,2.68256497626483
389190,"P5",2015,10,19,44.9307,-66.8495,1.88,"Chl_a_Holm-Hansen_F",2015-10-19,0.50551,0.50551,3.91185295581818,20,0.115850723761264,0.0249685477916629,0.848950386047363,0.00134950131177902,0.00324400141835213,0.00424900092184544,0.000746000616345555,0.763473926699734,1.43436970902429
389205,"P5",2016,2,2,44.93071,-66.84946,1,"Chl_a_Holm-Hansen_F",2016-02-02,0.32347,0.32347,4.18868613243103,8,0.117187490863736,0.0176759235768058,1.29304718971252,0.00136300176382065,0.00463900156319141,0.0062400009483099,0.00113600119948387,0.743429624709894,1.0062114807817
389220,"P5",2016,4,13,44.9307,-66.8495,2.18,"Chl_a_Holm-Hansen_F",2016-04-13,0.11468,0.11468,2.99630379676819,11,0.0532020152637481,0.0155960497637938,2.13392949104309,0.00501799955964088,0.0072300024330616,0.00869400054216385,0.00187399983406067,0.831608233516641,0.456078210418054
389255,"P5",2016,11,10,44.9307,-66.8495,2.03,"Chl_a_Holm-Hansen_F",2016-11-10,2.58747,2.58747,2.5545916557312,25,0.0878093971803977,0.0253769259271788,0.753326117992401,0.00233400240540504,0.00406200066208839,0.0045819990336895,0.000662002712488174,0.886512771439325,1.09104133420216
389340,"P5",2018,4,11,44.9307,-66.8495,1.96,"Chl_a_Holm-Hansen_F",2018-04-11,0.41258,0.41258,2.6446008682251,25,0.0235159520948267,0.0073861891975707,1.0971657037735,0.00288400053977966,0.00473400205373764,0.00548600032925606,0.000964000821113586,0.86292412862097,0.805029354075332
389380,"P5",2018,12,11,44.9307,-66.8495,2.25,"Chl_a_Holm-Hansen_F",2018-12-11,0.28702,0.28702,2.49681234359741,19,0.109525852864116,0.044762244873777,1.55731701850891,0.00416399911046028,0.00610199943184853,0.00690600089728832,0.00136800110340118,0.8835792990187,0.531626498668505
389385,"P5",2019,1,17,44.93071,-66.85,1,"Chl_a_Holm-Hansen_F",2019-01-17,0.21362,0.21362,3.90274810791016,25,0.0890193833333122,0.0198112643986442,1.64618134498596,0.00285600125789642,0.00478000193834305,0.00628800131380558,0.00144600123167038,0.760178266478467,0.74671940115695
389395,"P5",2019,3,13,44.9307,-66.8495,2.28,"Chl_a_Holm-Hansen_F",2019-03-13,0.36922,0.36922,2.36835932731628,25,0.0661180201612536,0.0186141432276817,1.40922474861145,0.00423400104045868,0.00612800195813179,0.00682400166988373,0.00123799964785576,0.898007101196416,0.5622970409347
389425,"P5",2019,9,13,44.9307,-66.8495,1.97,"Chl_a_Holm-Hansen_F",2019-09-13,5.30701,5.30701,10.1559467315674,11,0.416762771857855,0.0342085338529959,0.216155990958214,0.00115400180220604,0.00207800045609474,0.0036190003156662,0.000190000995644368,0.574191841625251,11.0358518933101
397890,"020",2014,3,14,45.39466,-65.17629,5.08,"Chl_a_Holm-Hansen_F",2014-03-14,0.28819,0.28819,3.80668222904205,12,0.0749573000143928,0.0122150997125119,7.04918789863586,0.00776199996471405,0.0105560012161732,0.013756001368165,0.00617600046098232,0.767374248784429,0.169663454915335
397894,"021",2014,3,14,45.2012,-65.75045,4.99,"Chl_a_Holm-Hansen_F",2014-03-14,0.37132,0.37132,4.68145942687988,20,0.0325988911791116,0.00604479021746731,13.8729510307312,0.00878100097179413,0.0118320006877184,0.0164320003241301,0.0121149998158216,0.720058450238911,0.100974682453249
397898,"022",2014,3,14,45.0585,-65.95314,5.76,"Chl_a_Holm-Hansen_F",2014-03-14,0.2494,0.2494,2.37315058708191,15,0.048528555922513,0.0189732299078483,2.86598300933838,0.00623200088739395,0.00885000079870224,0.00986200198531151,0.0025160014629364,0.897383798125721,0.276544028975339
397901,"023",2014,3,14,45.06444,-66.347,5.55,"Chl_a_Holm-Hansen_F",2014-03-14,0.22168,0.22168,3.44994211196899,19,0.0546779706753601,0.0120510456931504,4.82291746139526,0.00679799914360046,0.00965400040149689,0.0121650025248528,0.00423000007867813,0.793588031056632,0.227669204146895
397905,"024",2014,3,14,44.91548,-66.69677,3.42,"Chl_a_Holm-Hansen_F",2014-03-14,0.33807,0.33807,2.79086649417877,16,0.0334717239019725,0.00822413022954157,3.30294907093048,0.00620300136506557,0.0089890006929636,0.0105730015784502,0.00289900042116642,0.850184370660164,0.277559223652252
397909,"925",2014,3,14,44.97286,-66.74816,5.79,"Chl_a_Holm-Hansen_F",2014-03-14,0.17735,0.17735,2.94032943248749,18,0.112702758864083,0.0236041284911901,2.90476644039154,0.00565200112760067,0.0083560012280941,0.00997500121593475,0.00255000125616789,0.837694256592736,0.328394843775001
397936,"031",2014,3,17,44.80596,-65.7885,5.31,"Chl_a_Holm-Hansen_F",2014-03-17,0.46554,0.46554,2.40603768825531,8,0.0367763143382207,0.0112883447843665,1.82393330335617,0.00371500104665756,0.00595200061798096,0.00665800087153912,0.00160200148820877,0.89396212659327,0.439560013464832
397940,"032",2014,3,18,44.77438,-65.89667,4.69,"Chl_a_Holm-Hansen_F",2014-03-18,0.38795,0.38795,2.32432293891907,15,0.0384538744866217,0.0153208335962827,1.84444570541382,0.00437800213694572,0.00712399929761887,0.00786000117659569,0.00162000209093094,0.906361098116833,0.418608908278607
397944,"033",2014,3,18,44.75845,-66.04382,5.82,"Chl_a_Holm-Hansen_F",2014-03-18,0.31036,0.31036,1.97752952575684,19,0.058639767149928,0.0236831260143424,1.44340598583221,0.00410900078713894,0.00664300099015236,0.00695700012147427,0.00126800127327442,0.954865728641763,0.463412804917072
397948,"034",2014,3,18,44.74436,-66.09644,6.21,"Chl_a_Holm-Hansen_F",2014-03-18,0.35469,0.35469,1.93242704868317,18,0.0532306564322664,0.0205413527923703,1.34202414751053,0.00404900126159191,0.00654250010848045,0.00674700178205967,0.00117900129407644,0.969689992653775,0.477501113139995
397952,"035",2014,3,18,44.08349,-66.90666,4.7,"Chl_a_Holm-Hansen_F",2014-03-18,0.76996,0.76996,0.775489330291748,12,0.0132916170540993,0.0131754121743163,0.332215845584869,0.00276300124824047,0.00331900082528591,0.00242200121283531,0.000292001306661405,1.37035473297742,0.709137959411842
397957,"036",2014,3,19,43.79546,-67.24041,5.65,"Chl_a_Holm-Hansen_F",2014-03-19,0.64461,0.64461,0.674642622470856,21,0.0150491742552392,0.0165548959833438,0.232084557414055,0.00226800143718719,0.00257300212979317,0.00176800042390823,0.000204000651137903,1.45531759777832,0.850813633990641
403899,"069",2015,7,10,43.7522,-66.4007,4.99,"Chl_a_Holm-Hansen_F",2015-07-10,2.07197,2.07197,1.57688212394714,25,0.011206539995887,0.00598571394989873,0.815935969352722,0.00260400027036667,0.00406600162386894,0.0039220005273819,0.000717001035809517,1.03671623588056,0.650868639889849
403975,"095",2015,7,13,43.8587,-66.9225,4.76,"Chl_a_Holm-Hansen_F",2015-07-13,0.45185,0.45185,1.03194010257721,13,0.0438843489578393,0.0324481290423538,0.386834859848022,0.00447399914264679,0.00538600236177444,0.00442600250244141,0.000339999794960022,1.2168999811463,0.86401304794374
403979,"097",2015,7,13,43.6093,-66.8138,5.14,"Chl_a_Holm-Hansen_F",2015-07-13,1.07393,1.07393,1.47352647781372,8,0.0222106121064147,0.0150537486379034,0.353835076093674,0.00347200222313404,0.00451300106942654,0.00421200133860111,0.000311000301735476,1.07146240151134,1.36832141101136
412224,"063",2016,7,12,45.42406,-65.12622,5.21,"Chl_a_Holm-Hansen_F",2016-07-12,0.98898,0.98898,2.66037511825562,7,0.031687612415432,0.00612117051833872,1.42745018005371,0.0042480006814003,0.00652400031685829,0.00754199922084808,0.00125399976968765,0.865022671816808,0.614349397759961
412266,"075",2016,7,13,43.90785,-67.22136,4.43,"Chl_a_Holm-Hansen_F",2016-07-13,0.98898,0.98898,1.23206454515457,8,0.0108640399588951,0.00723338249884823,0.381145820021629,0.00259200111031532,0.00309300236403942,0.00271099992096424,0.000335000440827571,1.14090831951751,1.05895597533186
429405,"048",2016,3,20,43.64126,-66.75022,5.07,"Chl_a_Holm-Hansen_F",2016-03-20,0.50067,0.50067,0.833394855260849,24,0.0513525277304354,0.0398314762798043,0.380009710788727,0.00251150038093328,0.00335250049829483,0.00250500068068504,0.000334002092131414,1.3383231885502,0.66457991176255
429443,"058",2016,3,22,44.96779,-66.1517,5.35,"Chl_a_Holm-Hansen_F",2016-03-22,0.38044,0.38044,4.34408092498779,8,0.0651758067544999,0.00981281189011795,4.14716768264771,0.00464850012212992,0.00761099997907877,0.0103520015254617,0.00363850127905607,0.735220136932826,0.321676193207669
437152,"043",2017,7,9,45.031,-66.53921,4.63,"Chl_a_Holm-Hansen_F",2017-07-09,2.49255,2.49255,3.97779774665833,7,0.265306485085646,0.0516463643085766,0.15471588075161,0.00172000005841255,0.00310200080275536,0.00402000173926353,0.00013599920202978,0.77164165688238,7.69087256655341
437155,"045",2017,7,9,45.09185,-66.32394,5.02,"Chl_a_Holm-Hansen_F",2017-07-09,1.09351,1.09351,7.50074100494385,11,1.3286091925008,0.118761146985926,0.639494240283966,0.0014639999717474,0.00403300113976002,0.00644800066947937,0.000562001019716263,0.625465372367223,3.08084455282292
439351,"YL_03",2016,10,4,43.60944,-67.3024,3.67,"Chl_a_Holm-Hansen_F",2016-10-04,2.29947,2.29947,1.04842483997345,7,0.0430152150586951,0.0320020864535158,0.409595549106598,0.00220600143074989,0.00236600264906883,0.00194400176405907,0.000360000907676294,1.21707844756716,0.815539065879899
439361,"YL_02",2016,10,4,43.68516,-66.85512,3.2,"Chl_a_Holm-Hansen_F",2016-10-04,2.66963,2.66963,1.00344252586365,19,0.0154418915798833,0.013402699361818,0.368627518415451,0.00238800048828125,0.00238000229001045,0.00193599984049797,0.000323999702231959,1.229340127114,0.880095074173279
439370,"YL_01",2016,10,4,43.75677,-66.4023,3.3,"Chl_a_Holm-Hansen_F",2016-10-04,0.85695,0.85695,0.790749430656433,20,0.00856743184678024,0.00855992550808764,0.18885163962841,0.00242399983108044,0.00263099931180477,0.00192099995911121,0.000166002704645507,1.36959883800417,1.25117904417727
442794,"053",2019,3,18,44.39264,-67.00739,3.87,"Chl_a_Holm-Hansen_F",2019-03-18,0.45889,0.45889,1.53961002826691,20,0.0593672106922232,0.0345121325862754,1.40125149488449,0.00435600150376558,0.00658600032329559,0.0062810005620122,0.00123099982738495,1.04855910428158,0.366419549237902
442798,"054",2019,3,18,44.85124,-66.79375,5.04,"Chl_a_Holm-Hansen_F",2019-03-18,0.30856,0.30856,2.17022609710693,17,0.0392698537262477,0.015846834324488,1.29418516159058,0.00377300009131432,0.00606600195169449,0.00655800104141235,0.00113699957728386,0.924977277891389,0.564642817006335
442825,"072",2019,3,19,44.10151,-66.75331,4.91,"Chl_a_Holm-Hansen_F",2019-03-19,1.00913,1.00913,0.485203981399536,20,0.00268082186976792,0.00458235082339381,0.147892251610756,0.00220400094985962,0.00252100080251694,0.00145100243389606,0.000130001499201171,1.73742010600757,0.799081278829346
449319,"YL_01",2018,9,20,43.75148,-66.40148,3.08,"Chl_a_Holm-Hansen_F",2018-09-20,2.78618,2.78618,1.2368391752243,25,0.0159095899597169,0.0102945844223713,0.507465064525604,0.00256900116801262,0.00276400148868561,0.00242400169372559,0.000445999205112457,1.1402638438084,0.796127238272183
451604,"053",2019,7,8,43.57346,-67.32046,5.01,"Chl_a_Holm-Hansen_F",2019-07-08,0.29669,0.29669,0.743236571550369,16,0.0096765850621404,0.0120702451375068,0.14106460660696,0.00284750014543533,0.00365300104022026,0.00259450078010559,0.000123999998322688,1.40797839346635,1.54489624495633
451628,"060",2019,7,9,44.99607,-66.37125,4.71,"Chl_a_Holm-Hansen_F",2019-07-09,1.62653,1.62653,6.74398255348206,20,0.100682328034158,0.011724099608918,0.682750046253204,0.000843001558678225,0.00283800065517426,0.00440800003707409,0.000600002706050873,0.643829544306911,2.70016505589887
451636,"062",2019,7,10,45.11196,-66.04237,5.17,"Chl_a_Holm-Hansen_F",2019-07-10,0.75685,0.75685,2.8223729133606,20,0.14305301714908,0.0435410948244198,0.236634716391563,0.00219600088894367,0.00404199957847595,0.00476500019431114,0.000207999699341599,0.848268502339545,3.92202178558787
451640,"063",2019,7,10,45.09354,-65.79659,4.69,"Chl_a_Holm-Hansen_F",2019-07-10,0.69749,0.69749,1.82807326316833,14,0.0711440419434754,0.0336412786774812,0.3401810079813,0.00295500084757805,0.00454400107264519,0.00460599921643734,0.000299001098028384,0.986539697277651,1.80063614104619
451643,"065",2019,7,10,45.20342,-65.37144,5.57,"Chl_a_Holm-Hansen_F",2019-07-10,0.63813,0.63813,2.15323483943939,10,0.034471119531809,0.0110069290707213,0.585998356342316,0.00348300114274025,0.00487600080668926,0.00524700246751308,0.000515000894665718,0.929292646016295,1.23341573620068
451650,"067",2019,7,10,45.20456,-64.90158,4.97,"Chl_a_Holm-Hansen_F",2019-07-10,1.2911,1.2911,7.044189453125,21,0.352269932317069,0.0393550740787207,1.17460429668427,0.00179800018668175,0.00432000122964382,0.00676000118255615,0.00103200227022171,0.639053324545471,1.59462802870031
451670,"073",2019,7,11,44.73766,-66.0949,5.03,"Chl_a_Holm-Hansen_F",2019-07-11,2.12215,2.12215,1.76974898576736,18,0.0392621967443084,0.0195943376729928,0.280441880226135,0.00317400135099888,0.00335550121963024,0.00336199998855591,0.000246500596404076,0.998066993174363,2.11476769999595
451674,"074",2019,7,11,44.81732,-66.35159,4.34,"Chl_a_Holm-Hansen_F",2019-07-11,0.72717,0.72717,1.24343580007553,12,0.0115792776023819,0.00702511553738452,0.273047238588333,0.00362700037658215,0.00385200046002865,0.00338300131261349,0.000240001798374578,1.1386340424009,1.48798024783467
451682,"076",2019,7,11,44.39653,-66.46016,4.62,"Chl_a_Holm-Hansen_F",2019-07-11,2.19582,2.19582,2.37612128257751,13,0.0933098484985144,0.0227405894751715,0.56892591714859,0.00328399986028671,0.00350400060415268,0.00390800088644028,0.000500001013278961,0.896622264419291,1.4016941776886
451686,"077",2019,7,11,44.19892,-66.54408,4.97,"Chl_a_Holm-Hansen_F",2019-07-11,2.47831,2.47831,1.88905864953995,12,0.0489161880465557,0.0223778339728163,0.0875962264835835,0.00158900208771229,0.0025940015912056,0.00268400087952614,7.70017504692078e-05,0.96646823441562,7.43201504906633
478529,"026",2020,3,16,44.1435,-66.98036,4.92,"Chl_a_Holm-Hansen_F",2020-03-16,1.33362,1.33362,0.725000202655792,13,0.0169369936257294,0.0170740960013349,0.336766421794891,0.00350200012326241,0.00418199971318245,0.0029279999434948,0.000296000391244888,1.42827861813102,0.61909921349755
478878,"073",2020,7,21,43.84464,-66.44216,5.26,"Chl_a_Holm-Hansen_F",2020-07-21,1.15753,1.15753,1.95360958576202,5,0.0461599329776102,0.00867051066543103,0.229808405041695,0.00203600153326988,0.00248600170016289,0.00260600075125694,0.000202000097488053,0.953952794896098,2.93116929480202
478882,"075",2020,7,21,43.87954,-66.81927,5.11,"Chl_a_Holm-Hansen_F",2020-07-21,2.56179,2.56179,1.67563343048096,25,0.105438552214258,0.0547972632239047,0.700958728790283,0.00369999930262566,0.00410100072622299,0.00406400114297867,0.000615999102592468,1.0091042256,0.818380499457235
478886,"076",2020,7,21,44.135,-66.91121,5.36,"Chl_a_Holm-Hansen_F",2020-07-21,0.94977,0.94977,1.56701982021332,25,0.0264832006211186,0.01492079802162,0.735112369060516,0.00330800004303455,0.00361400097608566,0.00346999987959862,0.000646002590656281,1.04149887650823,0.713173678829581
478890,"078",2020,7,22,44.94212,-66.47711,5.31,"Chl_a_Holm-Hansen_F",2020-07-22,1.09817,1.09817,2.61824405193329,10,0.0241232354608467,0.00801800070724093,1.08236289024353,0.00436600111424923,0.00562500022351742,0.00648299977183342,0.000951001449720934,0.867653928966073,0.804151292304239
478894,"080",2020,7,22,44.95708,-66.36104,4.73,"Chl_a_Holm-Hansen_F",2020-07-22,1.70786,1.70786,2.23341298103333,11,0.143703097047843,0.0484650566192988,0.753326117992401,0.00369200110435486,0.00449400022625923,0.00490400195121765,0.000662002712488174,0.916394461291636,0.996538081374574
478898,"081",2020,7,22,44.77143,-66.24958,4.65,"Chl_a_Holm-Hansen_F",2020-07-22,1.78918,1.78918,1.14114201068878,11,0.049407266098102,0.0391445797568175,0.323112636804581,0.00355000048875809,0.00367800146341324,0.00310800224542618,0.000284001202089712,1.18339729928635,1.12311869230279
478906,"084",2020,7,22,44.99728,-65.71405,5.04,"Chl_a_Holm-Hansen_F",2020-07-22,1.06849,1.06849,1.20477539300919,12,0.018610152401651,0.0135925947356559,0.138788506388664,0.00327800214290619,0.00368200056254864,0.00319900177419186,0.000121999502880499,1.15098422021938,2.84139237004638
478909,"086",2020,7,22,45.14326,-65.25964,4.96,"Chl_a_Holm-Hansen_F",2020-07-22,0.63813,0.63813,2.52792882919312,14,0.0517494058954069,0.017315108551566,1.40637844800949,0.00441800057888031,0.0061234999448061,0.00698949955403805,0.00123550090938807,0.876099912084316,0.602538934915085
486505,"P5",2021,9,14,44.9365,-66.8558,2.47,"Chl_a_Holm-Hansen_F",2021-09-14,1.66218,1.66218,5.0145263671875,24,0.377360739778663,0.0633864212885589,0.452839717268944,0.00133850146085024,0.00236200168728828,0.00336800143122673,0.000398000702261925,0.70130661625876,3.32685357966067
488658,"YL_03",2021,9,21,43.61794,-67.30262,3.22,"Chl_a_Holm-Hansen_F",2021-09-21,2.9686,2.9686,2.69017720222473,25,0.102067791892595,0.0333918345660222,0.466495275497437,0.00164199993014336,0.00210100039839745,0.00244300067424774,0.000409999862313271,0.860008112377783,1.91454596197441
488668,"YL_02",2021,9,21,43.67756,-66.85698,3.52,"Chl_a_Holm-Hansen_F",2021-09-21,1.96584,1.96584,1.53741711378098,24,0.0271439844572085,0.0135082261865605,0.461944118142128,0.0014405008405447,0.00201199948787689,0.00191800110042095,0.000406000777729787,1.04900851591551,1.11305210049398
488676,"YL_01",2021,9,21,43.74736,-66.39678,2.99,"Chl_a_Holm-Hansen_F",2021-09-21,1.07082,1.07082,1.52475476264954,25,0.0778846766822106,0.0430659730964818,0.44828861951828,0.00186200067400932,0.00249000266194344,0.00236800126731396,0.000394001603126526,1.05152083164544,1.13921041013357
