"COLLECTOR_SAMPLE_ID","COLLECTOR_STATION_NAME","YEAR","MONTH","DAY","LATITUDE","LONGITUDE","START_DEPTH","METHOD","DATA_VALUE","Date","median","mean","geomean","validn","sd","filtmean","cv"
241201,"P5",2003,1,16,44.93333,-66.84999,1,"Chl_a",0.30755,"2003-01-16",1.34657925367355,1.34795518219471,1.34772439573125,24,0.0254799568253684,1.34823562882163,0.0170260802801271
241217,"P5",2003,2,28,44.93333,-66.84999,1,"Chl_a",0.38566,"2003-02-28",1.86268091201782,1.87081992058527,1.86991328692788,21,0.0593788937561221,1.8824724209936,0.0259804040671026
257114,"MFD-SETNO032",2003,7,6,44.11966,-66.58466,5,"Chl_a",1.71789,"2003-07-06",0.304905325174332,0.306406237862327,0.306211697018873,22,0.0111620736995162,0.308263006806374,0.0320565618659511
257118,"MFD-SETNO033",2003,7,6,44.32966,-66.652,5,"Chl_a",3.58584,"2003-07-06",0.384558379650116,0.370235567583757,0.368255039630334,17,0.0385950706341648,0.379552851120631,0.0792645144903347
257122,"MFD-SETNO034",2003,7,6,44.29733,-66.6045,5,"Chl_a",1.56172,"2003-07-06",0.368627518415451,0.364781859375182,0.364187831931707,21,0.0210269995631233,0.36990074725712,0.0332378169081862
257126,"MFD-SETNO035",2003,7,6,44.43783,-66.442,5,"Chl_a",5.45672,"2003-07-06",0.393096372485161,0.395307896865739,0.394716970419646,18,0.0222869397823087,0.395370980724692,0.0489700462906056
257130,"MFD-SETNO036",2003,7,6,44.467,-66.54366,5,"Chl_a",5.56066,"2003-07-06",0.534781992435455,0.535208495333791,0.534391921131464,16,0.0305190510979823,0.538458475699792,0.0423277063866227
257134,"MFD-SETNO037",2003,7,6,44.52233,-66.33033,5,"Chl_a",6.652,"2003-07-06",0.609901905059814,0.609521816174189,0.609292772147994,18,0.0171638741256985,0.609901171177626,0.0224352871585134
257138,"MFD-SETNO038",2003,7,6,44.6055,-66.33483,5,"Chl_a",4.62522,"2003-07-06",0.57120281457901,0.565385493967268,0.564237145222733,18,0.0369214130453758,0.562248980998993,0.0533267136714543
257154,"MFD-SETNO043",2003,7,6,45.26083,-65.08933,5,"Chl_a",1.11056,"2003-07-06",1.08464097976685,1.08464097976685,1.08453996479172,2,0.020934171067967,1.08464097976685,0.019300553324536
240706,"P5",2004,2,17,44.93333,-66.84999,1,"Chl_a_Holm-Hansen_sF",0.312,"2004-02-17",1.65301918983459,1.65605545043945,1.65598728729669,3,0.0184183864291127,1.65605545043945,0.0111218416172147
263997,"MFD-SETNO061",2004,7,13,44.8613,-65.8537,5,"Chl_a",0.607,"2004-07-13",3.30409097671509,3.35127055644989,3.3412202337029,16,0.267101282601459,3.35335220609392,0.0697008801120386
241306,"P5",2004,11,16,44.93333,-66.84999,1,"Chl_a_Holm-Hansen_sF",0.636,"2004-11-16",1.34316170215607,1.33980965614319,1.338656623671,18,0.0569382917798486,1.34678107149461,0.0372375466900655
241376,"P5",2006,1,13,44.93333,-66.84999,1,"Chl_a_Holm-Hansen_sF",0.39,"2006-01-13",1.49466150999069,1.50183811187744,1.50127854400617,20,0.0422596619140676,1.49633602535023,0.0202965824006027
241400,"P5",2006,5,17,44.93333,-66.84999,1,"Chl_a_Holm-Hansen_sF",1.407,"2006-05-17",0.914983481168747,0.852565956612428,0.83666496711588,12,0.151618773059522,0.916577929258347,0.0208203258930932
239725,"P5",2006,10,13,44.93333,-66.84999,1,"Chl_a_Holm-Hansen_sF",1.358,"2006-10-13",0.921815276145935,0.915013134479523,0.881196541232692,5,0.275505437998508,0.915013134479523,0.301094517244521
304824,"MFD-SETNO048",2007,7,13,44.24988,-66.79471,5,"Chl_a_Holm-Hansen_sF",2.216,"2007-07-13",0.380009740591049,0.403907348712285,0.399743687083954,9,0.0615820811201804,0.403907348712285,0.152465859600012
321096,"MFD-SETNO075",2008,3,17,44.1173,-67.25131,5,"Chl_a_Holm-Hansen_sF",0.311,"2008-03-17",1.07154357433319,1.07069104909897,1.07060624059285,8,0.0143878305005585,1.07069104909897,0.0134378918294558
321098,"MFD-SETNO076",2008,3,17,44.32801,-67.10483,6,"Chl_a_Holm-Hansen_sF",0.272,"2008-03-17",0.531367063522339,0.532222737868627,0.52820300665085,12,0.0672267027849843,0.534896659851074,0.0931270231696817
321104,"MFD-SETNO080",2008,3,18,45.19248,-65.54065,5,"Chl_a_Holm-Hansen_sF",0.415,"2008-03-18",6.66216778755188,6.67510619163513,6.67478398466935,10,0.0691975882855167,6.66356844372219,0.00935892559860391
321108,"MFD-SETNO082",2008,3,18,45.20528,-65.07435,5,"Chl_a_Holm-Hansen_sF",0.615,"2008-03-18",4.37274956703186,4.45830341747829,4.44916394384465,14,0.298070868108372,4.4172446177556,0.0601869305262267
321110,"MFD-SETNO083",2008,3,18,44.90835,-65.98188,5,"Chl_a_Holm-Hansen_sF",0.237,"2008-03-18",1.35569149255753,1.35075583060582,1.35031921182479,6,0.0375053707288921,1.35075583060582,0.0277662105016202
321106,"MFD-SETNO081",2008,3,18,45.3084,-65.35786,6,"Chl_a_Holm-Hansen_sF",0.534,"2008-03-18",10.0844659805298,9.95913894971212,9.95371896918217,12,0.340504991028747,10.071741771698,0.0237316511615149
321338,"MFD-SETNO054",2008,7,12,44.83601,-65.99061,5,"Chl_a_Holm-Hansen_sF",1.513,"2008-07-12",0.327665269374847,0.32030128030216,0.319736286808552,17,0.0193066946756367,0.327501465167318,0.0361289294143218
321342,"MFD-SETNO055",2008,7,12,44.94561,-65.65711,5,"Chl_a_Holm-Hansen_sF",1.413,"2008-07-12",0.063706748187542,0.0606707436343034,0.0599495559822488,15,0.0090463592095889,0.0622416628258569,0.111621062633162
321346,"MFD-SETNO056",2008,7,12,45.10045,-65.24081,5,"Chl_a_Holm-Hansen_sF",1.527,"2008-07-12",0.589411616325378,0.588418185710907,0.58536170710811,16,0.0611659686321209,0.596091190973918,0.0918738115435995
321350,"MFD-SETNO057",2008,7,12,45.20028,-65.24903,5,"Chl_a_Holm-Hansen_sF",1.222,"2008-07-12",0.817074656486511,0.824537459346983,0.823848291564819,18,0.0349330249878893,0.816220391541719,0.0326566482506473
321354,"MFD-SETNO058",2008,7,12,45.34326,-65.22046,5,"Chl_a_Holm-Hansen_sF",1.145,"2008-07-12",1.15524405241013,1.15777354770237,1.15746614223374,18,0.0274329468553386,1.15531845887502,0.0167421176873267
321358,"MFD-SETNO059",2008,7,12,45.21236,-65.42635,5,"Chl_a_Holm-Hansen_sF",1.184,"2008-07-12",1.55503785610199,1.53500359899857,1.53301291553633,17,0.0794156681994662,1.54926145928247,0.0322312843120683
321362,"MFD-SETNO060",2008,7,12,45.12563,-65.61236,5,"Chl_a_Holm-Hansen_sF",0.693,"2008-07-12",0.284424155950546,0.288824715216955,0.288557454934421,15,0.0128866632475477,0.287350841930934,0.0417244377067901
321366,"MFD-SETNO061",2008,7,12,45.03323,-65.95633,5,"Chl_a_Holm-Hansen_sF",1.756,"2008-07-12",0.303200349211693,0.316570296883583,0.314831641828995,12,0.0355327086693106,0.303882840275764,0.0709915601847062
321369,"MFD-SETNO062",2008,7,12,45.15733,-66.14496,5,"Chl_a_Holm-Hansen_sF",1.451,"2008-07-12",2.08035898208618,2.09734827280045,2.09432096806716,10,0.118031942515939,2.11962405840556,0.047391441756523
321373,"MFD-SETNO063",2008,7,12,44.988,-66.14655,5,"Chl_a_Holm-Hansen_sF",4.429,"2008-07-12",0.895059764385223,0.888300597667694,0.887230635942737,16,0.0447900108159276,0.89411149819692,0.0443240203818236
321389,"MFD-SETNO068",2008,7,13,44.04158,-66.94405,5,"Chl_a_Holm-Hansen_sF",0.429,"2008-07-13",0.277595490217209,0.275003018379211,0.274697610530591,25,0.0132588032979553,0.273614817044952,0.0397563085657067
321396,"MFD-SETNO070",2008,7,13,43.70215,-67.17958,5,"Chl_a_Holm-Hansen_sF",0.322,"2008-07-13",0.242893077433109,0.241962790489197,0.241866632250926,22,0.00696425555924848,0.24213517540031,0.0223456603346019
327417,"WV",2008,10,14,44.99331,-66.73933,1,"Chl_a_Holm-Hansen_sF",1.252,"2008-10-14",0.348146289587021,0.355733727415403,0.352982109034047,6,0.0491846072831709,0.33949933052063,0.0953200191645928
239870,"P5",2009,3,16,44.93333,-66.84999,1,"Chl_a_Holm-Hansen_sF",0.415,"2009-03-16",1.84216618537903,1.84913780408747,1.84858301509669,17,0.0469197774918029,1.84287832677364,0.0219597154634079
326981,"MFD-SETNO063",2009,7,9,45.3259,-65.0501,5,"Chl_a_Holm-Hansen_sF",0.935,"2009-07-09",0.912704706192017,0.919023759365082,0.916954296272679,25,0.0631400286034756,0.910266448622165,0.0635552828027582
326983,"MFD-SETNO064",2009,7,9,45.3184,-65.2187,5,"Chl_a_Holm-Hansen_sF",0.935,"2009-07-09",1.11538577079773,1.10144861698151,1.09993505231742,25,0.0582506232430341,1.11152451971303,0.0434891764780918
326985,"MFD-SETNO065",2009,7,9,45.3768,-65.229,5,"Chl_a_Holm-Hansen_sF",0.87,"2009-07-09",0.908152520656586,0.885344767570496,0.875368690920027,25,0.131384116511026,0.906970438749894,0.123973705790405
326988,"MFD-SETNO066",2009,7,9,45.2193,-65.7512,5,"Chl_a_Holm-Hansen_sF",0.902,"2009-07-09",1.17915642261505,1.11209186077118,1.07931607109032,25,0.258739800361399,1.15432540230129,0.192902183085681
326992,"MFD-SETNO067",2009,7,9,45.0403,-65.9235,5,"Chl_a_Holm-Hansen_sF",4.608,"2009-07-09",0.342457354068756,0.349102590084076,0.347945243002019,25,0.0292370469142939,0.343865960836411,0.0630053425901228
326996,"MFD-SETNO068",2009,7,9,44.8704,-66.8616,5,"Chl_a_Holm-Hansen_sF",1.156,"2009-07-09",0.145616292953491,0.135908966511488,0.129411889397238,10,0.0384234967195183,0.145069032907486,0.18457482304254
327000,"MFD-SETNO069",2009,7,9,44.7899,-66.7052,5,"Chl_a_Holm-Hansen_sF",0.783,"2009-07-09",0.834151148796082,0.833559949398041,0.83262233008612,25,0.0400753961885559,0.840386024543217,0.0336127265693919
330752,"MFD-SETNO070",2009,7,9,44.7331,-66.5947,5,"Chl_a_Holm-Hansen_sF",3.48,"2009-07-09",0.839843660593033,0.831201247193597,0.83096197940335,22,0.020165354809711,0.836142987012863,0.0153834426225633
330756,"MFD-SETNO071",2009,7,10,44.4193,-66.7822,5,"Chl_a_Holm-Hansen_sF",4.802,"2009-07-10",0.273045152425766,0.304908791184425,0.29682203083814,10,0.0749736497559344,0.304908791184425,0.245888776983758
330760,"MFD-SETNO072",2009,7,10,44.3417,-67.133,5,"Chl_a_Holm-Hansen_sF",2.965,"2009-07-10",0.351561844348907,0.353526852347634,0.350510367838101,11,0.0486206184495113,0.345871517062187,0.126369466517127
330764,"MFD-SETNO073",2009,7,10,44.1399,-67.2517,5,"Chl_a_Holm-Hansen_sF",2.062,"2009-07-10",0.563234448432922,0.561993485147303,0.561287301696535,11,0.0294924774657745,0.561993485147303,0.0524783262532737
330768,"MFD-SETNO074",2009,7,10,43.8135,-67.1078,5,"Chl_a_Holm-Hansen_sF",0.659,"2009-07-10",0.599656045436859,0.594092706839244,0.593508128722409,9,0.0279984107037739,0.588417515158653,0.0403823685792467
330772,"MFD-SETNO075",2009,7,10,43.7371,-67.0935,5,"Chl_a_Holm-Hansen_sF",1.74,"2009-07-10",0.59396755695343,0.601845709177164,0.601175805777524,13,0.0297766407541129,0.597570165991783,0.0445276051788242
330776,"MFD-SETNO076",2009,7,10,43.5775,-67.0304,5,"Chl_a_Holm-Hansen_sF",0.833,"2009-07-10",0.659983456134796,0.653981219638478,0.653689278058139,11,0.0203940002173765,0.661247597800361,0.0210199182765684
239895,"P5",2009,8,17,44.93333,-66.84999,1,"Chl_a_Holm-Hansen_sF",1.303,"2009-08-17",0.153580039739609,0.14660597431163,0.121317984781978,15,0.0824450550358122,0.14660597431163,0.5623580854936
240810,"P5",2009,11,18,44.93333,-66.84999,1,"Chl_a_Holm-Hansen_sF",0.846,"2009-11-18",1.27482187747955,1.27937954313615,1.27884679386168,17,0.0381249563943219,1.27433532476425,0.0227855455731397
240865,"Prince 5",2010,10,12,44.93333,-66.84999,1,"Chl_a_Holm-Hansen_sF",1.03,"2010-10-12",0.936615794897079,0.942764574289322,0.942367422772813,20,0.0280508833851328,0.943827241659164,0.0247292321079318
352706,"Wolves",2011,2,17,44.99331,-66.73933,1,"Chl_a_Holm-Hansen_sF",0.355,"2011-02-17",1.74872595071793,1.77501409500837,1.77077376301134,16,0.131211358388857,1.73358938523701,0.0363550322779859
352714,"Wolves",2011,3,15,44.99331,-66.73933,1,"Chl_a_Holm-Hansen_sF",0.373,"2011-03-15",3.49353885650635,3.49924714565277,3.49868467722654,10,0.0662496029092748,3.48694531122843,0.0163117210733742
352728,"Pass Bay",2011,4,6,45.0666666666667,-66.9666666666667,0,"StAndrew",0.546582089552239,"2011-04-06",0.745356321334839,0.75206637696216,0.751240451630775,19,0.0359716196982407,0.749553237110376,0.0295259744054036
352722,"Wolves",2011,4,6,44.9934333333333,-66.7393,0,"StAndrew",0.476102686567164,"2011-04-06",2.22056269645691,2.2384199111358,2.2331939851455,23,0.156774996959862,2.23761174553319,0.0519441200480777
371630,"Stn 46",2011,4,12,44.8933333333333,-66.6675,0,"StAndrew",0.462877611940299,"2011-04-12",1.34316146373749,1.34439994459567,1.34412591764509,23,0.0276621369475825,1.34929088751475,0.0172948855125312
240895,"Prince 5",2011,4,15,44.93333,-66.84999,1,"Chl_a_Holm-Hansen_sF",0.462,"2011-04-15",2.35280871391296,2.32455628851186,2.32330252201916,23,0.0771484463208788,2.34032271021888,0.0251254577626824
352730,"Wolves",2011,4,15,44.99331,-66.73933,1,"Chl_a_Holm-Hansen_sF",0.406,"2011-04-15",3.62594604492188,3.73283203081651,3.71632276333433,22,0.383617044429916,3.62236198186874,0.0402675317984557
322823,"Stn 46",2011,5,31,44.8933333333333,-66.6675,0,"StAndrew",0.370852761324042,"2011-05-31",1.48440766334534,1.48407278341406,1.48404624157208,17,0.00913773154931949,1.48463567097982,0.00452227082169844
322824,"Stn 57",2011,5,31,44.84305,-66.59445,0,"StAndrew",0.858432857142857,"2011-05-31",2.09289813041687,2.09096793028025,2.09093081919657,13,0.0129568798318185,2.09270689884822,0.00565917733807347
376021,"Wolves",2011,5,31,44.9934333333333,-66.7393,0,"StAndrew",0.653862675958188,"2011-05-31",0.735112369060516,0.71089675209739,0.708129398155169,11,0.0631989723565734,0.725549209117889,0.0586995216614348
322825,"Stn 46",2011,6,7,44.8933333333333,-66.6675,0,"StAndrew",1.48795028571429,"2011-06-07",1.27140629291534,1.26969863474369,1.26965889934007,8,0.0107357668317915,1.26969863474369,0.0084553661302146
322826,"Stn 57",2011,6,7,44.84305,-66.59445,0,"StAndrew",2.270078,"2011-06-07",1.35682857036591,1.35493126180437,1.35484387504379,9,0.0162681230165976,1.3592501282692,0.00773723373798414
376031,"Wolves",2011,6,7,44.9934333333333,-66.7393,0,"StAndrew",1.869476,"2011-06-07",0.26735845208168,0.274061264263259,0.262659417342161,9,0.0818213739136771,0.274061264263259,0.298551399204963
322833,"Stn 46",2011,6,21,44.8933333333333,-66.6675,0,"StAndrew",0.862248114285714,"2011-06-21",1.1108295917511,1.12571090857188,1.12477332806724,15,0.0477499798675357,1.11328353331639,0.0335787951683383
322834,"Stn 57",2011,6,21,44.84305,-66.59445,0,"StAndrew",1.05873385714286,"2011-06-21",1.55047988891602,1.55210990565164,1.55146763571153,7,0.0481479162938322,1.55210990565164,0.0310209451782461
353276,"MFD-SETNO047",2011,7,10,43.8112,-66.3772,5,"Chl_a_Holm-Hansen_sF",1.79,"2011-07-10",0.28783854842186,0.293698626756668,0.292665451579888,20,0.0254495363741598,0.291118244914448,0.073148167891714
322854,"Stn 65",2011,7,10,44.7877833333333,-66.59695,0,"StAndrew",4.07527304181185,"2011-07-10",0.252565711736679,0.246750490532981,0.245599504056384,9,0.0247219612956431,0.252281336113811,0.0776590357385295
322855,"Stn 66",2011,7,10,44.7891666666667,-66.5141666666667,0,"StAndrew",0.626329108013937,"2011-07-10",0.237774908542633,0.235498326520125,0.232645919283726,12,0.0379356712483175,0.235270661115646,0.124384183842368
322856,"Stn 59",2011,7,10,44.8448833333333,-66.4342333333333,0,"StAndrew",1.669175,"2011-07-10",0.266218602657318,0.269219107248566,0.267646418828436,11,0.0304218909492313,0.26887391673194,0.0753439260817381
353280,"MFD-SETNO049",2011,7,11,44.121,-66.4008,5,"Chl_a_Holm-Hansen_sF",1.749,"2011-07-11",0.143340364098549,0.148649932609664,0.145510222993604,9,0.0322596810532058,0.142202718183398,0.194096084530066
353284,"MFD-SETNO050",2011,7,11,44.5373,-66.4125,5,"Chl_a_Holm-Hansen_sF",2.42,"2011-07-11",0.163819774985313,0.166853631536166,0.166541076125369,15,0.0105564986997549,0.168045447341033,0.0586284219879094
353288,"MFD-SETNO051",2011,7,11,44.416,-66.5807,5,"Chl_a_Holm-Hansen_sF",1.257,"2011-07-11",0.543884992599487,0.542748401562373,0.542575003745734,12,0.0143465883375015,0.542292934656143,0.0204713761322044
353292,"MFD-SETNO052",2011,7,11,44.6425,-66.3375,5,"Chl_a_Holm-Hansen_sF",0.984,"2011-07-11",0.195675551891327,0.193855565786362,0.193754312684001,15,0.00644776655316234,0.1956758751319,0.023740555583762
353363,"MFD-SETNO071",2011,7,13,44.827,-66.836,5,"Chl_a_Holm-Hansen_sF",2.571,"2011-07-13",0.846672832965851,0.848678832054138,0.847019278080788,25,0.054106411086847,0.855565459955306,0.0505842944867519
353367,"MFD-SETNO072",2011,7,13,44.4005,-66.8903,5,"Chl_a_Holm-Hansen_sF",0.492,"2011-07-13",0.492672979831696,0.527841967344284,0.522927720454137,10,0.0786373580756682,0.495091758668423,0.0857772839108994
353379,"MFD-SETNO075",2011,7,13,43.757,-67.332,5,"Chl_a_Holm-Hansen_sF",0.357,"2011-07-13",0.345871925354004,0.347281740903854,0.346096415594161,25,0.0294383353862742,0.346250043028877,0.0635673450829776
353383,"MFD-SETNO077",2011,7,13,43.6898,-67.1587,5,"Chl_a_Holm-Hansen_sF",0.293,"2011-07-13",0.339042812585831,0.339680032730103,0.339647733577456,25,0.00478382599895009,0.339584806135723,0.00957547802522732
376083,"Deadmans",2011,7,19,45.0477666666667,-66.7778166666667,0,"StAndrew",11.5625234920904,"2011-07-19",1.51402473449707,1.52314027150472,1.52236283829577,3,0.059761890513436,1.52314027150472,0.0392359729641951
322861,"Stn 46",2011,7,19,44.8933333333333,-66.6675,0,"StAndrew",4.8984134440678,"2011-07-19",0.718035370111465,0.726418982852589,0.724315281582286,22,0.0571214767028111,0.719414165145473,0.0595408827848562
322862,"Stn 57",2011,7,19,44.84305,-66.59445,0,"StAndrew",1.84005966779661,"2011-07-19",0.914982348680496,0.913431278683922,0.913069220912512,22,0.0263059166983417,0.911388287418767,0.0214166780934308
322868,"Stn 57",2011,8,9,44.84305,-66.59445,0,"StAndrew",2.10545841016949,"2011-08-09",0.833012402057648,0.823998413085937,0.821184888901899,25,0.0687869439572003,0.834053866241289,0.0742371710672134
376103,"Wolves",2011,8,9,44.9934333333333,-66.7393,0,"StAndrew",4.03904266440678,"2011-08-09",0.372042328119278,0.354066236615181,0.345338747472421,25,0.0757668949182082,0.368088735001428,0.148072362145296
376123,"Deadmans",2011,8,23,45.0477666666667,-66.7778166666667,0,"StAndrew",2.19139548813559,"2011-08-23",2.6871395111084,2.90503439903259,2.75697688744241,5,1.08601378858393,2.4609882235527,0.206417366271241
322871,"Stn 46",2011,8,23,44.8933333333333,-66.6675,0,"StAndrew",2.01952133220339,"2011-08-23",1.04820203781128,1.03909194946289,1.038734584073,25,0.0276346858426743,1.04814692905971,0.0184124278046895
322872,"Stn 57",2011,8,23,44.84305,-66.59445,0,"StAndrew",1.99803706271187,"2011-08-23",0.82390683889389,0.823722608089447,0.823666952766729,25,0.00978573015535939,0.82126581939784,0.00916918515063971
22161,"Prince 5",2011,9,12,44.93333,-66.84999,1,"Chl_a_Holm-Hansen_sF",0.754,"2011-09-12",0.432356774806976,0.430871946656186,0.430017517052108,23,0.0275490092230615,0.433494122326374,0.0513167041803132
22173,"Prince5",2011,11,18,44.93481,-66.85399,1,"Chl_a_Holm-Hansen_sF",0.658,"2011-11-18",2.06097984313965,2.02496619224548,2.02420300177889,5,0.0616797430072767,2.04901400208473,0.0170269638069107
22183,"Prince 5",2012,1,16,44.93071,-66.84946,1,"Chl_a",0.2946,"2012-01-16",2.44174122810364,2.43804650306702,2.43784070976105,25,0.0322502947459654,2.44635327295824,0.00974020204169947
22198,"Prince 5",2012,4,16,44.93071,-66.84946,1,"Chl_a",0.987,"2012-04-16",1.67808258533478,1.67808254559835,1.67807841765406,3,0.00455862283719654,1.67808254559835,0.00271656650571447
383153,"Stn 82",2012,6,28,44.6781666666667,-66.4352,0,"StAndrew",1.42039956875509,"2012-06-28",0.268494814634323,0.269297987222672,0.269102618727332,17,0.0105802584230461,0.269253309567769,0.0345023770464834
383138,"Stn 46",2012,6,28,44.8933333333333,-66.6675,0,"StAndrew",1.40505441212368,"2012-06-28",1.08350193500519,1.08805617865394,1.08775908438912,17,0.0263142506074797,1.08684142430623,0.0188405498024258
383151,"Stn 60",2012,6,28,44.8397666666667,-66.3586333333333,0,"StAndrew",1.64885544344996,"2012-06-28",0.183161564171314,0.188022444871339,0.186816759442349,22,0.0223484438808293,0.183274807035923,0.0904084081648547
383154,"Stn 81",2012,6,28,44.67925,-66.5191833333333,0,"StAndrew",1.4799967534581,"2012-06-28",0.232084557414055,0.226623660326004,0.226049040672085,15,0.0160627916409428,0.229809382132121,0.0464438554323815
383160,"Stn 57",2012,7,3,44.84305,-66.59445,0,"StAndrew",2.11570005695688,"2012-07-03",1.3249374628067,1.45807900212028,1.40660995804573,11,0.422779863705587,1.37806745767593,0.251748906194433
371318,"Wolves",2012,7,3,44.9934333333333,-66.7393,0,"StAndrew",0.308064788039056,"2012-07-03",0.291252911090851,0.291129446424106,0.233865262834914,17,0.15949576665281,0.291129446424106,0.547851715489004
384788,"66",2012,7,12,43.7182,-66.73,5,"Chl_a",0.9276,"2012-07-12",0.0193387707695365,0.0177466879133135,0.0136630609676865,10,0.0102758735125191,0.0194656945661538,0.475158042190455
384798,"70",2012,7,13,44.2752,-66.7035,5,"Chl_a",2.2833,"2012-07-13",0.369765728712082,0.369116240314075,0.369062600782277,14,0.00650981360519599,0.371094000836213,0.0121151606902264
384877,"91",2012,7,15,43.876,-66.887,5,"Chl_a",0.4774,"2012-07-15",0.40504252910614,0.403131901025772,0.402862828568517,25,0.0149880613898616,0.405693834736234,0.0279311702435842
384881,"92",2012,7,15,43.9112,-67.0905,5,"Chl_a",0.49,"2012-07-15",0.56209534406662,0.544361915439367,0.541530490527022,24,0.0548749846406997,0.559278956481389,0.0707138006162806
383167,"Stn 46",2012,7,31,44.8933333333333,-66.6675,0,"StAndrew",1.90909648331977,"2012-07-31",0.147892251610756,0.146556037599626,0.145013541075822,23,0.0217991567239231,0.146103754639626,0.123081993265962
383168,"Stn 57",2012,7,31,44.84305,-66.59445,0,"StAndrew",2.45092938445891,"2012-07-31",0.650875210762024,0.653152740001678,0.652361373997081,5,0.0359218049533057,0.653152740001678,0.0549975568550985
371364,"Pass Bay",2012,8,7,45.0666666666667,-66.9666666666667,0,"StAndrew",2.41368598047193,"2012-08-07",0.522271826863289,0.648736285045743,0.378722144617442,4,0.61759639816388,0.648736285045743,0.951999159597389
383169,"Stn 46",2012,8,7,44.8933333333333,-66.6675,0,"StAndrew",1.55945966639544,"2012-08-07",0.315146595239639,0.315810852994521,0.315540350573025,24,0.0133331485018636,0.315829841792583,0.029325304670564
383170,"Stn 57",2012,8,7,44.84305,-66.59445,0,"StAndrew",2.47328316517494,"2012-08-07",1.03453683853149,1.03412381627343,1.03315178372783,22,0.0457812189637904,1.0381932948765,0.0360653732165153
383173,"Stn 46",2012,8,21,44.8933333333333,-66.6675,0,"StAndrew",1.67865403580146,"2012-08-21",0.221844509243965,0.219427648931742,0.218096793992584,16,0.0246410085447009,0.222282863580264,0.0898160843351662
383174,"Stn 57",2012,8,21,44.84305,-66.59445,0,"StAndrew",1.06281646053702,"2012-08-21",0.420973971486092,0.41092328975598,0.409684153355713,12,0.0325565162019557,0.421658012270927,0.0543961330252226
370505,"Prince 5",2012,9,17,44.93071,-66.84946,1,"Chl_a",2.5036,"2012-09-17",0.145616292953491,0.152728750370443,0.138617629917279,24,0.0619491994761887,0.152272891253233,0.308479135176166
370510,"Prince 5",2012,10,26,44.93071,-66.84946,1,"Chl_a",1.2813,"2012-10-26",1.26343619823456,1.25980078606378,1.25968202137219,21,0.0176276052057,1.26409379432076,0.00927248705367563
370515,"Prince 5",2012,11,20,44.93336,-66.85044,1,"Chl_a",0.6357,"2012-11-20",1.9492894411087,1.94340838909149,1.94295014250533,25,0.0428839339042341,1.95151355153038,0.013442538329581
370545,"P5",2013,5,13,44.9307,-66.8495,1,"Chl_a_Holm-Hansen_F",9.0772,"2013-05-13",0.728280603885651,0.730272345244884,0.730006897418559,16,0.0203271053582875,0.732529926300049,0.0257331298369122
370560,"P5",2013,8,12,44.9307,-66.8495,1,"Chl_a_Holm-Hansen_F",2.6342,"2013-08-12",0.72031569480896,0.702928110309269,0.697583322019328,23,0.0880456972426356,0.702680352487062,0.0883098849211495
370565,"P5",2013,9,17,44.9307,-66.8495,1,"Chl_a_Holm-Hansen_F",1.5757,"2013-09-17",0.781213521957397,0.786449668308099,0.784189124171069,24,0.0611681692569416,0.776834837415002,0.0696006446411816
370570,"P5",2013,10,15,44.9307,-66.8495,1,"Chl_a_Holm-Hansen_F",8.5439,"2013-10-15",0.416425168514252,0.420794968605042,0.41719966938652,25,0.0564197465999008,0.41216973895612,0.121178085446104
370575,"P5",2013,11,21,44.9307,-66.8495,1,"Chl_a_Holm-Hansen_F",4.0467,"2013-11-21",1.64845895767212,1.63586894461983,1.63469757869778,19,0.0635853627535943,1.63509257634481,0.0281826662152969
397905,"024",2014,3,14,44.91548,-66.69677,3.42,"Chl_a_Holm-Hansen_F",0.33807,"2014-03-14",3.30294907093048,3.30238018929958,3.30204478573471,16,0.0484316740083151,3.31063410441081,0.0110788557243671
397894,"021",2014,3,14,45.2012,-65.75045,4.99,"Chl_a_Holm-Hansen_F",0.37132,"2014-03-14",13.8729510307312,13.9397461891174,13.9359935070055,20,0.332800857938279,13.8996264513801,0.0174829014062271
397890,"020",2014,3,14,45.39466,-65.17629,5.08,"Chl_a_Holm-Hansen_F",0.28819,"2014-03-14",7.04918789863586,7.00105587641398,6.99145736841781,12,0.378424932184512,7.13464965820313,0.0330031945369758
397901,"023",2014,3,14,45.06444,-66.347,5.55,"Chl_a_Holm-Hansen_F",0.22168,"2014-03-14",4.82291746139526,4.81985297955965,4.81947283686028,19,0.062285335717175,4.80604671029484,0.0102787924592082
397898,"022",2014,3,14,45.0585,-65.95314,5.76,"Chl_a_Holm-Hansen_F",0.2494,"2014-03-14",2.86598300933838,2.87602481842041,2.87445621903047,15,0.098427372524668,2.87563762297997,0.0293254800553158
397909,"925",2014,3,14,44.97286,-66.74816,5.79,"Chl_a_Holm-Hansen_F",0.17735,"2014-03-14",2.90476644039154,2.86320010821025,2.86094939714752,18,0.11430973297815,2.89749550819397,0.0204284738342597
370595,"P5",2014,3,17,44.93071,-66.84946,1,"Chl_a_Holm-Hansen_F",0.30907,"2014-03-17",1.60516476631165,1.6050546169281,1.6050382965012,24,0.0073983159223273,1.60476657748222,0.00262912599420195
397936,"031",2014,3,17,44.80596,-65.7885,5.31,"Chl_a_Holm-Hansen_F",0.46554,"2014-03-17",1.82393330335617,1.83547711372375,1.83206767066273,8,0.120215926138221,1.80570435523987,0.051319373207677
397940,"032",2014,3,18,44.77438,-65.89667,4.69,"Chl_a_Holm-Hansen_F",0.38795,"2014-03-18",1.84444570541382,1.8549301703771,1.85413585960967,15,0.0564637770063621,1.83953681358924,0.0229920565507019
397952,"035",2014,3,18,44.08349,-66.90666,4.7,"Chl_a_Holm-Hansen_F",0.76996,"2014-03-18",0.332215845584869,0.332405403256416,0.332296912969265,12,0.00886559874060707,0.331204149458143,0.0161536933298229
397944,"033",2014,3,18,44.75845,-66.04382,5.82,"Chl_a_Holm-Hansen_F",0.31036,"2014-03-18",1.44340598583221,1.45869159698486,1.4566203929357,19,0.0794513592978563,1.477348335584,0.0361168868828468
397948,"034",2014,3,18,44.74436,-66.09644,6.21,"Chl_a_Holm-Hansen_F",0.35469,"2014-03-18",1.34202414751053,1.35645249817106,1.35510844884125,18,0.0621709411744135,1.35668939352036,0.0358258181917678
397957,"036",2014,3,19,43.79546,-67.24041,5.65,"Chl_a_Holm-Hansen_F",0.64461,"2014-03-19",0.232084557414055,0.233276567998387,0.233017035287156,21,0.0112948523946704,0.231415262117105,0.0381644920095714
370630,"P5",2014,10,10,44.93071,-66.84946,1,"Chl_a_Holm-Hansen_F",1.74048,"2014-10-10",0.686164379119873,0.678956548372904,0.675208730234679,6,0.0769148611441754,0.702328777313232,0.0817671851523906
370660,"P5",2015,4,16,44.9307,-66.8495,1.11,"Chl_a_Holm-Hansen_F",11.48454,"2015-04-16",0.951416432857513,0.951721092065175,0.951633912171345,15,0.0133578084760673,0.949790814093181,0.0120950003954689
403899,"069",2015,7,10,43.7522,-66.4007,4.99,"Chl_a_Holm-Hansen_F",2.07197,"2015-07-10",0.815935969352722,0.818274083137512,0.817211149067983,25,0.0424680167852238,0.818538177581061,0.0405441894472539
403975,"095",2015,7,13,43.8587,-66.9225,4.76,"Chl_a_Holm-Hansen_F",0.45185,"2015-07-13",0.386834859848022,0.376507837038774,0.37546001589846,13,0.0283131819886654,0.382095245023568,0.0543818208530546
403979,"097",2015,7,13,43.6093,-66.8138,5.14,"Chl_a_Holm-Hansen_F",1.07393,"2015-07-13",0.353835076093674,0.35611180961132,0.355048274434816,8,0.029372808669315,0.362451319183622,0.0693300311658885
389185,"P5",2015,9,16,44.9307,-66.8495,1.44,"Chl_a_Holm-Hansen_F",2.26554,"2015-09-16",0.298077493906021,0.284741045700179,0.281808925503656,18,0.0399489029752241,0.294736458919942,0.0978840269654467
389190,"P5",2015,10,19,44.9307,-66.8495,1.88,"Chl_a_Holm-Hansen_F",0.50551,"2015-10-19",0.848950386047363,0.86380862891674,0.863116030986788,20,0.0361306016163098,0.854074186748929,0.0249265205852227
389205,"P5",2016,2,2,44.93071,-66.84946,1,"Chl_a_Holm-Hansen_F",0.32347,"2016-02-02",1.29304718971252,1.30457931756973,1.30419231113652,8,0.0342047489815637,1.29613859312875,0.0204125345928261
429405,"048",2016,3,20,43.64126,-66.75022,5.07,"Chl_a_Holm-Hansen_F",0.50067,"2016-03-20",0.380009710788727,0.37223306670785,0.370724744737566,24,0.0330072628389695,0.379491621797735,0.060539270930271
429431,"055",2016,3,22,44.80054,-66.41902,4.57,"Chl_a_Holm-Hansen_F",0.46203,"2016-03-22",9.57407808303833,9.6622257232666,8.77788056988294,4,4.49691677650765,9.6622257232666,0.46541210123865
429447,"059",2016,3,22,45.06146,-66.09847,4.72,"Chl_a_Holm-Hansen_F",0.3418,"2016-03-22",3.94047522544861,3.94047522544861,3.94027831240716,2,0.0557103787112759,3.94047522544861,0.0141379847667824
429443,"058",2016,3,22,44.96779,-66.1517,5.35,"Chl_a_Holm-Hansen_F",0.38044,"2016-03-22",4.14716768264771,4.13146561384201,4.13108382049064,8,0.0599563301958376,4.13146561384201,0.0145121213147607
389220,"P5",2016,4,13,44.9307,-66.8495,2.18,"Chl_a_Holm-Hansen_F",0.11468,"2016-04-13",2.13392949104309,2.11921760168943,2.11820453924035,11,0.0681872952404244,2.13393135070801,0.0235248252439938
412224,"063",2016,7,12,45.42406,-65.12622,5.21,"Chl_a_Holm-Hansen_F",0.98898,"2016-07-12",1.42745018005371,1.41313326358795,1.41199408083499,7,0.0605838093635561,1.43238812685013,0.0250763526053227
412266,"075",2016,7,13,43.90785,-67.22136,4.43,"Chl_a_Holm-Hansen_F",0.98898,"2016-07-13",0.381145820021629,0.380576755851507,0.380440809600721,8,0.010864357655528,0.380576755851507,0.0285470867268809
389245,"P5",2016,9,16,44.9307,-66.8495,2,"Chl_a_Holm-Hansen_F",3.67131,"2016-09-16",0.307181775569916,0.307264958109174,0.300982256154948,14,0.063483376136055,0.308415979146957,0.172974021474226
439361,"YL_02",2016,10,4,43.68516,-66.85512,3.2,"Chl_a_Holm-Hansen_F",2.66963,"2016-10-04",0.368627518415451,0.369946355882444,0.369884130049284,19,0.00696633714809623,0.369967348435346,0.0159915786846468
439370,"YL_01",2016,10,4,43.75677,-66.4023,3.3,"Chl_a_Holm-Hansen_F",0.85695,"2016-10-04",0.18885163962841,0.188793076574802,0.188655544489192,20,0.00742385052485444,0.187846032135627,0.0305745463148462
439351,"YL_03",2016,10,4,43.60944,-67.3024,3.67,"Chl_a_Holm-Hansen_F",2.29947,"2016-10-04",0.409595549106598,0.398867466620037,0.396155211570248,7,0.0490020895914989,0.398867466620037,0.122853061962505
389255,"P5",2016,11,10,44.9307,-66.8495,2.03,"Chl_a_Holm-Hansen_F",2.58747,"2016-11-10",0.753326117992401,0.754236931800842,0.751599746901177,25,0.0645178803880993,0.757878994399851,0.0672215905182712
437152,"043",2017,7,9,45.031,-66.53921,4.63,"Chl_a_Holm-Hansen_F",2.49255,"2017-07-09",0.15471588075161,0.139118374924042,0.0909912621789463,7,0.0927090810188925,0.139118374924042,0.666404283902188
437155,"045",2017,7,9,45.09185,-66.32394,5.02,"Chl_a_Holm-Hansen_F",1.09351,"2017-07-09",0.639494240283966,0.60226065733216,0.566112304646669,11,0.190575635475968,0.612943202257156,0.194213844942496
389340,"P5",2018,4,11,44.9307,-66.8495,1.96,"Chl_a_Holm-Hansen_F",0.41258,"2018-04-11",1.0971657037735,1.09730282783508,1.09691147918118,25,0.0299598550131821,1.09483682567423,0.0230851439803148
445989,"YL_02",2018,4,12,43.6807,-66.85079,3.43,"Chl_a_Holm-Hansen_F",2.68471,"2018-04-12",0.193399488925934,0.20129789937945,0.200540330456569,17,0.0181172419284013,0.197344755132993,0.0772854114453221
389350,"P5",2018,6,13,44.9307,-66.8495,1.72,"Chl_a_Holm-Hansen_F",1.08543,"2018-06-13",0.18657574057579,0.186005771160126,0.184733757713321,4,0.0250215118509978,0.186005771160126,0.134520083408905
442013,"071",2018,7,24,44.7602,-65.93479,4.72,"Chl_a_Holm-Hansen_F",3.51846,"2018-07-24",0.42211440205574,0.42211440205574,0.42203923325102,2,0.0112653468447798,0.42211440205574,0.0266878997492539
449319,"YL_01",2018,9,20,43.75148,-66.40148,3.08,"Chl_a_Holm-Hansen_F",2.78618,"2018-09-20",0.507465064525604,0.509561107158661,0.5091128791035,25,0.0219006051929771,0.504466612230648,0.0355110435114389
389380,"P5",2018,12,11,44.9307,-66.8495,2.25,"Chl_a_Holm-Hansen_F",0.28702,"2018-12-11",1.55731701850891,1.56025519496516,1.56005759790584,19,0.0256250504736097,1.55872434728286,0.0118516218212686
389385,"P5",2019,1,17,44.93071,-66.85,1,"Chl_a_Holm-Hansen_F",0.21362,"2019-01-17",1.64618134498596,1.64941715240479,1.64912873482473,25,0.0314520345795647,1.65019599596659,0.0145361858622506
389395,"P5",2019,3,13,44.9307,-66.8495,2.28,"Chl_a_Holm-Hansen_F",0.36922,"2019-03-13",1.40922474861145,1.41453307151794,1.40966952394004,25,0.119729160946417,1.39775821437006,0.0782423380150827
442794,"053",2019,3,18,44.39264,-67.00739,3.87,"Chl_a_Holm-Hansen_F",0.45889,"2019-03-18",1.40125149488449,1.40250874757767,1.40004801918586,20,0.085199875310582,1.40112839804755,0.053182565430704
442798,"054",2019,3,18,44.85124,-66.79375,5.04,"Chl_a_Holm-Hansen_F",0.30856,"2019-03-18",1.29418516159058,1.27616730858298,1.2731759218496,17,0.0894479272896114,1.27771175702413,0.0603309534181098
442825,"072",2019,3,19,44.10151,-66.75331,4.91,"Chl_a_Holm-Hansen_F",1.00913,"2019-03-19",0.147892251610756,0.148346196115017,0.148160795783565,20,0.00762235931544027,0.148828176014564,0.0404706213461572
389400,"P5",2019,4,17,44.9307,-66.8495,2.11,"Chl_a_Holm-Hansen_F",0.36922,"2019-04-17",0.806828409433365,0.806828409433365,0.806827608894708,2,0.00160735436165997,0.806828409433365,0.00199218860276476
451604,"053",2019,7,8,43.57346,-67.32046,5.01,"Chl_a_Holm-Hansen_F",0.29669,"2019-07-08",0.14106460660696,0.143198831006885,0.142559175754896,16,0.0141425873791926,0.141065562000641,0.0694553819998491
451628,"060",2019,7,9,44.99607,-66.37125,4.71,"Chl_a_Holm-Hansen_F",1.62653,"2019-07-09",0.682750046253204,0.686390939354897,0.686061071823471,20,0.0218786876960101,0.685910320944256,0.0271110365342567
451640,"063",2019,7,10,45.09354,-65.79659,4.69,"Chl_a_Holm-Hansen_F",0.69749,"2019-07-10",0.3401810079813,0.344737098685333,0.331728291029543,14,0.0978502692815093,0.328493604605848,0.191046339117726
451650,"067",2019,7,10,45.20456,-64.90158,4.97,"Chl_a_Holm-Hansen_F",1.2911,"2019-07-10",1.17460429668427,1.18323411260332,1.17582721096134,21,0.136382428588569,1.16942858695984,0.106000291185958
451636,"062",2019,7,10,45.11196,-66.04237,5.17,"Chl_a_Holm-Hansen_F",0.75685,"2019-07-10",0.236634716391563,0.248300610482693,0.239453128618226,20,0.0670902852444428,0.248205312424236,0.233239057501272
451643,"065",2019,7,10,45.20342,-65.37144,5.57,"Chl_a_Holm-Hansen_F",0.63813,"2019-07-10",0.585998356342316,0.584404689073563,0.584104534701512,10,0.01963510159112,0.585429199039936,0.0213748272311257
451674,"074",2019,7,11,44.81732,-66.35159,4.34,"Chl_a_Holm-Hansen_F",0.72717,"2019-07-11",0.273047238588333,0.270770696302255,0.270687840112775,12,0.00692966787436239,0.272218769246882,0.0184200528485074
451682,"076",2019,7,11,44.39653,-66.46016,4.62,"Chl_a_Holm-Hansen_F",2.19582,"2019-07-11",0.56892591714859,0.567875110186063,0.567804523806563,13,0.00932167909812123,0.567891012538563,0.0119401855013142
451686,"077",2019,7,11,44.19892,-66.54408,4.97,"Chl_a_Holm-Hansen_F",2.47831,"2019-07-11",0.0875962264835835,0.0915777686362465,0.0840842431389122,12,0.0384678840190465,0.0850103135136041,0.382699164197732
451670,"073",2019,7,11,44.73766,-66.0949,5.03,"Chl_a_Holm-Hansen_F",2.12215,"2019-07-11",0.280441880226135,0.279683506323232,0.279252130187476,18,0.0158736092768597,0.281680349041434,0.0491228601139352
389425,"P5",2019,9,13,44.9307,-66.8495,1.97,"Chl_a_Holm-Hansen_F",5.30701,"2019-09-13",0.216155990958214,0.220398875800046,0.211153999183037,11,0.0668820786658046,0.217168609301249,0.215623316039333
478529,"026",2020,3,16,44.1435,-66.98036,4.92,"Chl_a_Holm-Hansen_F",1.33362,"2020-03-16",0.336766421794891,0.322588207630011,0.320635617906259,13,0.0361402389113436,0.328044054408868,0.0965287293693405
478886,"076",2020,7,21,44.135,-66.91121,5.36,"Chl_a_Holm-Hansen_F",0.94977,"2020-07-21",0.735112369060516,0.736521961688995,0.736446346276986,25,0.0107756837751351,0.735783048651435,0.0123835498210998
478882,"075",2020,7,21,43.87954,-66.81927,5.11,"Chl_a_Holm-Hansen_F",2.56179,"2020-07-21",0.700958728790283,0.705059323310852,0.704252304694468,25,0.0344057837639056,0.702440941333771,0.0353318410948429
478878,"073",2020,7,21,43.84464,-66.44216,5.26,"Chl_a_Holm-Hansen_F",1.15753,"2020-07-21",0.229808405041695,0.228444468975067,0.22830025112486,5,0.00904532381716665,0.228444468975067,0.0395952848311415
478898,"081",2020,7,22,44.77143,-66.24958,4.65,"Chl_a_Holm-Hansen_F",1.78918,"2020-07-22",0.323112636804581,0.327249963175167,0.326918288859149,11,0.0155290763284165,0.324705275893211,0.0423169904859808
478894,"080",2020,7,22,44.95708,-66.36104,4.73,"Chl_a_Holm-Hansen_F",1.70786,"2020-07-22",0.753326117992401,0.749808912927454,0.744766462015885,11,0.0881768687696998,0.768124896287918,0.0877080276108586
478909,"086",2020,7,22,45.14326,-65.25964,4.96,"Chl_a_Holm-Hansen_F",0.63813,"2020-07-22",1.40637844800949,1.41248264483043,1.41105731207591,14,0.0657686047375383,1.42009291282067,0.0434517593034031
478906,"084",2020,7,22,44.99728,-65.71405,5.04,"Chl_a_Holm-Hansen_F",1.06849,"2020-07-22",0.138788506388664,0.135566420853138,0.135318138059273,12,0.00837128724362792,0.137341737747192,0.0433719367376317
478890,"078",2020,7,22,44.94212,-66.47711,5.31,"Chl_a_Holm-Hansen_F",1.09817,"2020-07-22",1.08236289024353,1.08623430728912,1.08611420146124,10,0.017036233148894,1.08299525578817,0.0133324303060834
486505,"P5",2021,9,14,44.9365,-66.8558,2.47,"Chl_a_Holm-Hansen_F",1.66218,"2021-09-14",0.452839717268944,0.455306369811296,0.453500507744471,24,0.041796194555589,0.451356134984804,0.0839220972111189
488676,"YL_01",2021,9,21,43.74736,-66.39678,2.99,"Chl_a_Holm-Hansen_F",1.07082,"2021-09-21",0.44828861951828,0.448742799758911,0.448680075524726,25,0.00766254303844263,0.448192744205395,0.0163005397225847
488658,"YL_03",2021,9,21,43.61794,-67.30262,3.22,"Chl_a_Holm-Hansen_F",2.9686,"2021-09-21",0.466495275497437,0.462854957580566,0.461880220107106,25,0.0304944126582358,0.465301436185837,0.046653478321781
488668,"YL_02",2021,9,21,43.67756,-66.85698,3.52,"Chl_a_Holm-Hansen_F",1.96584,"2021-09-21",0.461944118142128,0.462086519847314,0.462032985596348,24,0.00718444323226946,0.463195961713791,0.0102687135966703
